department_id,department_name,manager_name,budget,employee_count,location,phone_number,email,start_date,active
1,Sales,Cyndi Dysart,Rupiah,306,6th Floor,750-156-1072,cdysart0@surveymonkey.com,8/8/2016,false
2,Customer Service,Corbie Senussi,Ruble,428,Room 877,805-765-4205,csenussi1@berkeley.edu,11/12/2012,true
3,Finance,Bruce Peche,Yuan Renminbi,282,Suite 5,719-480-8390,bpeche2@discuz.net,8/4/2021,false
4,Customer Service,Karry Cholomin,Yuan Renminbi,446,Suite 98,547-742-8388,kcholomin3@360.cn,10/24/2011,true
5,Finance,Netti Critten,Yuan Renminbi,14,PO Box 62890,862-572-6855,ncritten4@tmall.com,11/9/2011,true
6,Finance,Daisey Drewett,Dollar,51,Room 44,786-838-2877,ddrewett5@discuz.net,12/2/2018,false
7,Research & Development,Tobey Broske,Rupee,398,Room 113,564-222-4328,tbroske6@engadget.com,6/13/2011,false
8,Legal,Ches Innocenti,Rupiah,303,Suite 69,834-796-7367,cinnocenti7@purevolume.com,12/20/2015,false
9,Marketing,Costa Dudeney,Baht,292,Room 255,444-276-1209,cdudeney8@amazonaws.com,8/3/2015,false
10,IT,Lilia Keitch,Rupiah,329,Suite 93,802-726-2039,lkeitch9@eventbrite.com,12/23/2019,true
11,Operations,Benton Wiltshire,Real,127,Suite 93,268-400-8357,bwiltshirea@goo.ne.jp,5/8/2010,false
12,Operations,Wilma Briance,Peso,329,Apt 1892,369-375-4920,wbrianceb@usatoday.com,2/17/2011,true
13,Sales,Libbie Arnholz,Zloty,454,6th Floor,514-489-0326,larnholzc@bigcartel.com,5/7/2018,false
14,IT,Homerus Esselin,Rupiah,210,PO Box 40151,516-999-3861,hesselind@smugmug.com,4/4/2010,true
15,Operations,Odo Hirth,Yen,478,4th Floor,493-533-3302,ohirthe@fastcompany.com,11/30/2015,false
16,HR,Mord Plumtree,Euro,234,8th Floor,404-426-8414,mplumtreef@wunderground.com,11/4/2018,true
17,Sales,Penny Maulin,Pound,168,Suite 90,696-611-9538,pmauling@desdev.cn,12/24/2014,false
18,Operations,Artemas Sahnow,Rupiah,134,14th Floor,576-960-7382,asahnowh@lulu.com,10/17/2010,true
19,Legal,Marjory Dyball,Baht,210,Suite 38,530-288-1048,mdyballi@4shared.com,9/27/2021,true
20,Legal,Brit Kleinsmuntz,Peso,153,PO Box 28406,750-193-8483,bkleinsmuntzj@github.com,3/17/2017,false
21,Marketing,Misha Scintsbury,Rupiah,393,PO Box 5698,871-370-5054,mscintsburyk@nationalgeographic.com,7/21/2017,true
22,HR,Nicol Milson,Denar,14,Suite 85,165-546-6420,nmilsonl@mac.com,4/5/2010,true
23,Customer Service,Danyette Lambertz,Yen,485,20th Floor,356-200-2884,dlambertzm@vkontakte.ru,7/3/2016,false
24,Marketing,Laureen Dunnico,Colon,268,Room 1734,283-834-4748,ldunnicon@unesco.org,12/17/2011,true
25,Sales,Enoch Philpin,Rupiah,286,Apt 1473,945-338-5603,ephilpino@hostgator.com,2/14/2016,true
26,Finance,Cristy Burchill,Euro,347,Room 848,644-868-4805,cburchillp@free.fr,10/8/2012,false
27,HR,Maureen Broyd,Ruble,190,PO Box 83307,626-986-4329,mbroydq@123-reg.co.uk,9/2/2012,true
28,Sales,Malory Stammirs,Krona,300,Suite 30,923-855-5201,mstammirsr@livejournal.com,5/2/2014,true
29,Marketing,Guinna Shale,Rupee,430,13th Floor,579-274-8564,gshales@apache.org,8/1/2013,false
30,Legal,Adriaens Dulanty,Euro,387,PO Box 46541,878-733-0203,adulantyt@storify.com,9/27/2013,false
31,Sales,Rubie Pimerick,Ruble,17,PO Box 17339,371-577-0071,rpimericku@theatlantic.com,11/10/2020,false
32,Marketing,Dyana Hritzko,Rupiah,325,13th Floor,476-591-4552,dhritzkov@addtoany.com,11/26/2013,false
33,Customer Service,Adena Haswell,Rupiah,418,Suite 92,468-496-4911,ahaswellw@hc360.com,12/15/2017,true
34,Operations,Patricia Dyte,Rupiah,461,Suite 76,954-958-2990,pdytex@aboutads.info,3/21/2010,true
35,Finance,Kirstyn Petrelluzzi,Yuan Renminbi,311,Apt 1601,808-184-4116,kpetrelluzziy@theguardian.com,3/7/2022,true
36,Sales,Fairleigh Behagg,Rand,151,13th Floor,945-355-3980,fbehaggz@state.gov,4/24/2020,false
37,Customer Service,Babb O'Fallone,Dong,424,PO Box 66972,898-453-0449,bofallone10@psu.edu,11/22/2017,true
38,Research & Development,Emmy Green,Peso,412,11th Floor,132-312-5654,egreen11@chronoengine.com,11/22/2012,false
39,Legal,Petr Trethowan,Yuan Renminbi,166,Room 1535,289-849-9411,ptrethowan12@purevolume.com,4/3/2012,false
40,Marketing,Welbie Roger,Dinar,246,PO Box 5900,195-511-1867,wroger13@illinois.edu,7/1/2010,true
41,Legal,Caril Jakubowicz,Euro,367,12th Floor,414-885-0817,cjakubowicz14@timesonline.co.uk,6/8/2020,false
42,Sales,Maurizio Dranfield,Krona,79,Room 674,333-893-5004,mdranfield15@qq.com,5/7/2022,true
43,Sales,Cointon Durie,Rupiah,272,PO Box 14071,916-214-9170,cdurie16@istockphoto.com,1/13/2014,true
44,HR,Kimberly Cowpe,Peso,497,Suite 99,364-204-1448,kcowpe17@statcounter.com,10/10/2012,false
45,IT,Hughie Bennet,Rupiah,77,Suite 8,746-322-7485,hbennet18@vkontakte.ru,8/16/2014,true
46,Legal,Teddie Fronks,Euro,397,Room 1834,701-351-2426,tfronks19@statcounter.com,4/19/2014,true
47,Operations,Joline Jeandel,Yuan Renminbi,100,Room 1604,836-618-3293,jjeandel1a@jiathis.com,10/31/2012,false
48,Research & Development,Dwain Berceros,Dong,404,Apt 530,402-888-0136,dberceros1b@reddit.com,11/7/2010,true
49,IT,Jakie Houson,Yuan Renminbi,132,Suite 84,614-492-5064,jhouson1c@linkedin.com,8/14/2012,false
50,Marketing,Kiel Callacher,Dollar,15,Room 315,217-937-8078,kcallacher1d@moonfruit.com,8/8/2020,false
51,Marketing,Davey Purselow,Taka,212,PO Box 89209,510-365-1572,dpurselow1e@mtv.com,11/29/2018,true
52,Marketing,Jasmine Jay,Rupiah,39,Room 1753,536-833-2702,jjay1f@narod.ru,10/4/2020,false
53,Marketing,Erda Robertucci,Euro,306,Suite 90,234-389-5879,erobertucci1g@lulu.com,7/24/2018,true
54,Customer Service,Alix Able,Euro,449,PO Box 99924,263-502-5954,aable1h@hc360.com,7/20/2013,true
55,Finance,Saleem Banham,Yuan Renminbi,111,PO Box 16229,487-947-5405,sbanham1i@moonfruit.com,4/24/2015,true
56,Customer Service,Mufi Beare,Yen,487,Suite 87,924-422-6593,mbeare1j@unesco.org,10/6/2018,true
57,Legal,Chrystel Beange,Dollar,390,PO Box 58202,852-527-1644,cbeange1k@usgs.gov,11/17/2011,false
58,Operations,Sly Gumme,Dollar,65,7th Floor,831-630-0445,sgumme1l@google.cn,9/16/2015,true
59,Legal,Murvyn Loseke,Peso,188,Apt 52,983-556-5223,mloseke1m@miibeian.gov.cn,11/6/2011,false
60,Customer Service,Jannel Jeffress,Krona,495,Suite 71,767-538-2586,jjeffress1n@deliciousdays.com,6/27/2011,true
61,Legal,Belia Rudeforth,Pound,364,15th Floor,192-517-3989,brudeforth1o@theglobeandmail.com,1/12/2013,true
62,Research & Development,Devlin Lauritzen,Yen,48,Apt 1799,327-646-2034,dlauritzen1p@amazon.co.uk,3/7/2017,true
63,Finance,Kristina Tyson,Krona,455,Suite 81,318-129-3920,ktyson1q@accuweather.com,3/19/2021,false
64,Finance,Dean Roakes,Euro,276,Room 1898,694-948-5129,droakes1r@elpais.com,6/2/2010,false
65,Operations,Lemuel Henker,Manat,443,6th Floor,129-575-0747,lhenker1s@last.fm,12/22/2013,false
66,Finance,Pepi MacPeice,Ruble,353,Apt 1674,845-491-5897,pmacpeice1t@360.cn,7/31/2022,true
67,Legal,Lynnette Lermit,Euro,410,13th Floor,916-724-6016,llermit1u@sfgate.com,1/28/2022,false
68,Sales,Quinlan Scouller,Dinar,122,Room 1861,179-940-5901,qscouller1v@drupal.org,4/22/2012,true
69,Sales,Nicola Isacsson,Euro,109,Apt 292,551-157-3927,nisacsson1w@miibeian.gov.cn,1/1/2015,true
70,Customer Service,Darnall Duchasteau,Dollar,331,PO Box 5437,461-952-1858,dduchasteau1x@uiuc.edu,7/16/2016,true
71,Sales,Clarey Monkman,Koruna,257,Room 1227,351-775-9819,cmonkman1y@hatena.ne.jp,1/11/2015,false
72,Sales,Dasya Doyle,Peso,369,PO Box 43445,896-190-5312,ddoyle1z@e-recht24.de,1/5/2010,true
73,Customer Service,Giordano Leamy,Tugrik,13,Suite 7,707-102-2789,gleamy20@twitpic.com,12/19/2022,false
74,Sales,Suzie Elcomb,Peso,235,Suite 89,958-291-9960,selcomb21@google.fr,2/4/2022,false
75,Sales,Saundra Trorey,Sol,370,Suite 60,106-321-3493,strorey22@woothemes.com,1/20/2011,true
76,Operations,Deina Bollis,Shekel,203,Apt 1949,154-842-6009,dbollis23@icq.com,7/12/2013,true
77,Finance,Melody Roostan,Pound,355,Room 765,110-429-8416,mroostan24@chron.com,8/6/2021,false
78,Sales,Lawry Crighton,Peso,17,Apt 1938,176-258-6032,lcrighton25@xinhuanet.com,8/27/2019,true
79,Legal,Brit Middlewick,Yuan Renminbi,377,Room 666,846-644-5913,bmiddlewick26@mayoclinic.com,9/27/2010,false
80,Customer Service,Tremaine Towe,Hryvnia,194,7th Floor,321-449-7606,ttowe27@webs.com,7/26/2021,false
81,Customer Service,Ethe Trayling,Peso,446,19th Floor,338-619-4254,etrayling28@lycos.com,7/6/2010,true
82,Sales,Corinne Tolan,Rupiah,315,9th Floor,931-120-4435,ctolan29@ow.ly,7/1/2014,true
83,Research & Development,Udell Prozescky,Baht,288,Apt 455,531-535-7346,uprozescky2a@mail.ru,2/4/2016,true
84,Marketing,Nial Burgan,Shilling,291,PO Box 34939,206-495-6143,nburgan2b@paginegialle.it,6/17/2015,true
85,Finance,Karola Detoile,Koruna,274,PO Box 74831,115-555-2120,kdetoile2c@zdnet.com,9/8/2010,false
86,IT,Rancell Ibbetson,Euro,500,Suite 78,146-797-2407,ribbetson2d@google.fr,7/8/2021,false
87,Legal,Sigmund Asplin,Peso,105,Apt 218,576-201-6660,sasplin2e@mlb.com,5/18/2013,false
88,Legal,Brent Liddall,Rupiah,343,Suite 38,691-938-6859,bliddall2f@yale.edu,7/1/2015,false
89,Marketing,Pennie Bertomieu,Leone,341,Suite 5,679-576-0598,pbertomieu2g@live.com,3/20/2018,false
90,HR,Ursa Kunkler,Yuan Renminbi,135,PO Box 21992,311-457-4993,ukunkler2h@rambler.ru,3/27/2011,false
91,Sales,Norri Skittreal,Yuan Renminbi,368,Room 1872,793-442-6529,nskittreal2i@lycos.com,11/29/2012,false
92,HR,Lurleen Childrens,Yuan Renminbi,224,Room 893,308-581-2449,lchildrens2j@google.cn,9/8/2017,false
93,IT,Concordia Bucksey,Hryvnia,306,Suite 90,199-476-9125,cbucksey2k@yolasite.com,9/12/2020,true
94,Sales,Mord Beament,Peso,458,8th Floor,750-274-3791,mbeament2l@scientificamerican.com,8/25/2020,false
95,Customer Service,Tracie McGown,Yuan Renminbi,31,Apt 1927,291-579-8950,tmcgown2m@google.de,3/3/2017,false
96,Sales,Claudia Schulter,Hryvnia,479,11th Floor,700-478-6226,cschulter2n@skype.com,3/29/2017,false
97,Marketing,Omero Burgess,Yuan Renminbi,181,Room 146,566-805-8842,oburgess2o@ustream.tv,5/24/2017,false
98,Sales,Demetris Lodden,Yuan Renminbi,208,Apt 549,839-573-7761,dlodden2p@comsenz.com,5/9/2013,false
99,IT,Aurelie Nellies,Peso,62,13th Floor,955-297-4254,anellies2q@bizjournals.com,9/15/2016,true
100,Customer Service,Ogdon Routledge,Quetzal,100,Apt 1450,504-221-9098,oroutledge2r@scientificamerican.com,3/20/2019,true
101,Research & Development,Ann-marie McCurtain,Real,416,Suite 13,154-929-7066,amccurtain2s@reddit.com,2/6/2010,true
102,Operations,Savina Byles,Manat,500,2nd Floor,296-244-1716,sbyles2t@mediafire.com,8/24/2018,false
103,Customer Service,Kassey Gaylord,Euro,84,Suite 93,195-628-6943,kgaylord2u@jugem.jp,7/13/2014,false
104,Customer Service,Mirna Rohmer,Dollar,105,Suite 28,989-615-1597,mrohmer2v@chronoengine.com,4/5/2015,true
105,IT,Barnabe Leeson,Real,233,Apt 273,100-444-7810,bleeson2w@storify.com,3/22/2017,false
106,Operations,Payton Ducaen,Real,232,Room 1356,970-228-8325,pducaen2x@theguardian.com,4/30/2017,true
107,Marketing,Pattie Swaysland,Euro,255,4th Floor,977-663-1239,pswaysland2y@intel.com,9/7/2020,true
108,Legal,Bobbi Tankin,Yuan Renminbi,458,Suite 64,984-485-9665,btankin2z@simplemachines.org,4/19/2012,true
109,IT,Meta Roakes,Dollar,413,Room 1189,500-498-5023,mroakes30@intel.com,9/28/2020,false
110,Finance,Adara Paulich,Euro,243,Suite 68,917-900-4820,apaulich31@japanpost.jp,6/16/2010,true
111,HR,Roseanna Panther,Ruble,433,Suite 89,342-624-9071,rpanther32@harvard.edu,8/22/2012,false
112,Customer Service,Leeland Lammiman,Euro,268,Room 1848,205-581-7947,llammiman33@multiply.com,8/15/2020,true
113,Legal,Tiebold Kemster,Ruble,29,Apt 881,708-572-8586,tkemster34@ucoz.com,12/12/2014,true
114,Operations,Clarence Andrat,Ruble,172,17th Floor,360-919-8083,candrat35@dailymail.co.uk,12/22/2013,false
115,Sales,Marc Lingwood,Rupiah,336,Apt 900,255-523-1495,mlingwood36@weebly.com,11/5/2013,true
116,Legal,Lenci Hacquel,Rupiah,244,Suite 61,667-121-1006,lhacquel37@google.fr,6/26/2010,false
117,Sales,Hadlee Falshaw,Krona,105,Suite 20,951-170-1998,hfalshaw38@soup.io,5/8/2015,false
118,Sales,Selinda Spellecy,Rupiah,460,Suite 70,569-778-3786,sspellecy39@google.com.br,3/20/2016,true
119,Sales,Morton Woodyeare,Rupiah,283,Apt 342,863-306-3932,mwoodyeare3a@rediff.com,3/26/2022,true
120,Sales,Nessa McElree,Real,21,Suite 19,404-548-0117,nmcelree3b@yellowpages.com,3/25/2021,false
121,Legal,Kitti Demead,Naira,48,PO Box 87565,267-217-0262,kdemead3c@yellowpages.com,2/8/2022,true
122,Finance,Doria Weatherhogg,Rupiah,13,Room 394,690-385-0650,dweatherhogg3d@taobao.com,9/8/2020,false
123,Customer Service,Margi Kewley,Euro,175,Room 1034,819-385-9373,mkewley3e@barnesandnoble.com,2/22/2020,false
124,Legal,Albina Mc Elory,Yuan Renminbi,22,7th Floor,911-872-8155,amc3f@angelfire.com,3/4/2020,true
125,Customer Service,Alicia Fay,Shekel,456,PO Box 85652,206-887-4585,afay3g@about.me,12/1/2015,true
126,HR,Eddie Beurich,Dollar,250,Apt 1228,275-181-5746,ebeurich3h@freewebs.com,3/27/2014,false
127,Legal,Truda Creavan,Quetzal,40,8th Floor,595-349-8491,tcreavan3i@slate.com,3/28/2013,true
128,Customer Service,Adan Stienton,Rupiah,343,6th Floor,759-400-6262,astienton3j@loc.gov,8/28/2012,false
129,HR,Chancey Chaim,Dirham,180,Room 1612,399-486-4020,cchaim3k@cdc.gov,8/15/2011,false
130,Legal,Kittie Galletly,Manat,86,Apt 59,852-406-0277,kgalletly3l@seattletimes.com,10/22/2021,false
131,Marketing,Dodi Ingliby,Yuan Renminbi,373,PO Box 69924,575-391-8090,dingliby3m@twitter.com,11/28/2022,true
132,Sales,Starr Thunnercliff,Real,493,Suite 63,931-944-2079,sthunnercliff3n@army.mil,11/29/2021,true
133,Sales,Cynthea Manneville,Euro,14,Room 139,103-430-7088,cmanneville3o@google.fr,1/12/2019,true
134,Research & Development,Dorthea Juett,Peso,224,Suite 35,346-246-7542,djuett3p@comcast.net,9/18/2022,true
135,Research & Development,Pru Reith,Yuan Renminbi,72,Suite 61,400-986-7395,preith3q@ucoz.com,3/9/2018,true
136,Customer Service,Den Billington,Yen,83,Apt 198,342-565-6217,dbillington3r@diigo.com,7/13/2017,false
137,IT,Leslie Kneesha,Zloty,142,7th Floor,363-615-2102,lkneesha3s@ucla.edu,2/26/2010,false
138,Customer Service,Logan Molian,Peso,329,20th Floor,441-857-2131,lmolian3t@bing.com,11/12/2011,false
139,Legal,Gabriellia McQuillan,Peso,34,Apt 1322,318-196-3297,gmcquillan3u@de.vu,6/17/2017,true
140,Customer Service,Abby Muzzillo,Dollar,195,5th Floor,472-148-1192,amuzzillo3v@twitpic.com,11/23/2011,false
141,Finance,Jerrilyn Saxton,Yuan Renminbi,431,Suite 91,796-285-2180,jsaxton3w@cpanel.net,10/16/2020,false
142,Operations,Tamarra Deaton,Rupiah,499,Room 1535,809-589-6874,tdeaton3x@canalblog.com,6/24/2019,true
143,Research & Development,Breanne Sleicht,Peso,443,2nd Floor,295-182-9873,bsleicht3y@ucoz.ru,11/28/2022,false
144,Finance,Clerissa Joskowitz,Peso,407,PO Box 12233,216-939-1227,cjoskowitz3z@jigsy.com,6/19/2022,true
145,Operations,Kirby Dargue,Shekel,216,Apt 1118,597-201-9589,kdargue40@blogtalkradio.com,12/22/2022,true
146,IT,Conchita Derry,Yuan Renminbi,146,Room 1700,850-842-8448,cderry41@mlb.com,2/7/2015,true
147,IT,Percival Brims,Rupee,65,9th Floor,177-376-8865,pbrims42@is.gd,8/29/2020,false
148,Marketing,Ban Lorriman,Euro,47,Suite 69,120-380-6253,blorriman43@marriott.com,8/19/2012,false
149,Marketing,Melosa Bernardot,Peso,472,PO Box 41504,142-586-1284,mbernardot44@umn.edu,3/2/2015,false
150,Operations,Rebecka Colten,Yuan Renminbi,16,Room 798,873-247-6012,rcolten45@dmoz.org,3/17/2021,false
151,Legal,Gaelan Sudran,Ruble,274,Room 349,438-797-8365,gsudran46@360.cn,8/2/2018,false
152,Legal,Ruddie Slark,Dram,209,2nd Floor,902-756-0563,rslark47@jiathis.com,8/7/2017,false
153,Legal,Ann-marie Brunnen,Euro,336,Apt 1159,226-814-0512,abrunnen48@cocolog-nifty.com,5/29/2015,false
154,Operations,Lorena Francescone,Euro,491,16th Floor,587-295-1178,lfrancescone49@sohu.com,12/4/2015,false
155,IT,Franky Pulteneye,Ruble,412,Room 755,557-312-8041,fpulteneye4a@cargocollective.com,5/5/2021,false
156,Customer Service,Bill Kearsley,Shilling,178,Apt 407,960-343-7520,bkearsley4b@theatlantic.com,5/17/2019,false
157,Operations,Doyle Vidineev,Peso,458,PO Box 98655,381-117-7341,dvidineev4c@skype.com,7/23/2019,true
158,Customer Service,Hervey Phonix,Pound,165,Suite 73,477-801-0170,hphonix4d@friendfeed.com,9/16/2018,false
159,Customer Service,Caressa Zannotelli,Bolivar,196,Suite 83,229-495-1934,czannotelli4e@mail.ru,3/20/2019,true
160,HR,Ellie Lawrenz,Rupiah,146,PO Box 7701,232-961-6715,elawrenz4f@theguardian.com,4/21/2022,true
161,HR,Stacia Burren,Kuna,211,16th Floor,527-823-2865,sburren4g@apple.com,1/31/2021,true
162,IT,Gradey Arpe,Franc,239,Suite 24,165-844-1137,garpe4h@vinaora.com,6/11/2022,true
163,Finance,Luci Tumbridge,Ariary,406,Suite 44,646-114-8519,ltumbridge4i@domainmarket.com,8/28/2013,false
164,Operations,Malinde Rushman,Sol,485,14th Floor,993-603-8758,mrushman4j@si.edu,12/4/2013,true
165,IT,Margy Vigours,Shekel,256,PO Box 97602,279-119-0837,mvigours4k@europa.eu,8/20/2019,false
166,Customer Service,Joann Pendrigh,Rupee,83,11th Floor,438-810-5075,jpendrigh4l@upenn.edu,9/15/2019,true
167,Operations,Nancie Dalli,Baht,299,Suite 48,833-497-9919,ndalli4m@google.co.uk,4/12/2020,false
168,Sales,Merrill Selbie,Yuan Renminbi,377,Room 1054,192-824-7642,mselbie4n@fema.gov,10/27/2016,true
169,Operations,Harcourt Mulvin,Kuna,381,Suite 76,698-271-2891,hmulvin4o@wired.com,5/2/2015,false
170,HR,Myranda Wofenden,Peso,144,Room 212,880-686-2028,mwofenden4p@behance.net,8/7/2017,false
171,Marketing,Joscelin Gun,Koruna,164,Apt 123,473-337-6886,jgun4q@privacy.gov.au,8/23/2017,false
172,IT,Vivianne Cheales,Euro,289,Room 1994,147-111-9240,vcheales4r@berkeley.edu,10/15/2010,false
173,IT,Giacopo Suggate,Rupiah,171,18th Floor,740-710-5151,gsuggate4s@ucla.edu,1/24/2014,true
174,Customer Service,Annabal Huffer,Zloty,349,17th Floor,778-322-7537,ahuffer4t@shop-pro.jp,9/18/2022,true
175,Marketing,Cinda Maty,Yen,237,10th Floor,838-626-8569,cmaty4u@tuttocitta.it,8/23/2015,true
176,IT,Zebadiah Georgeau,Franc,80,Apt 1226,583-957-3664,zgeorgeau4v@blog.com,8/31/2017,true
177,Finance,Ashely Clague,Yuan Renminbi,372,14th Floor,873-640-1944,aclague4w@about.me,2/16/2015,false
178,Operations,Jefferey Pelfer,Lempira,414,Apt 1115,781-138-7343,jpelfer4x@unesco.org,3/15/2017,true
179,IT,Ben Hayles,Peso,475,Suite 29,318-486-7240,bhayles4y@bing.com,7/1/2017,false
180,Sales,Marylinda Turley,Peso,295,PO Box 65005,888-469-7291,mturley4z@parallels.com,7/16/2014,false
181,Sales,Gertie Yakovl,Euro,139,Apt 988,620-683-3671,gyakovl50@cpanel.net,2/18/2021,false
182,IT,Elbertine Ullyott,Yuan Renminbi,18,Room 1819,144-529-7958,eullyott51@squidoo.com,9/26/2018,false
183,Research & Development,Isobel Errey,Peso,287,PO Box 85113,783-782-8660,ierrey52@usatoday.com,8/7/2019,true
184,Marketing,Mame Langlands,Dirham,259,Room 1781,766-211-8605,mlanglands53@usda.gov,7/25/2013,true
185,Marketing,Lizette Mumberson,Krone,443,15th Floor,843-171-4662,lmumberson54@webnode.com,8/31/2014,false
186,HR,Ebba Dyneley,Zloty,418,Apt 1244,452-915-8536,edyneley55@indiatimes.com,3/20/2021,true
187,IT,Kaile Tidbury,Yuan Renminbi,222,PO Box 55200,912-667-4012,ktidbury56@ucsd.edu,11/21/2019,true
188,Finance,Heath Rathe,Ruble,289,Apt 1595,443-679-6491,hrathe57@opera.com,3/25/2021,false
189,IT,Ronalda Gavriel,Euro,229,Room 231,646-354-4322,rgavriel58@fotki.com,10/6/2017,true
190,HR,Karlen Pilmer,Franc,473,Suite 5,895-410-3027,kpilmer59@jalbum.net,5/22/2010,true
191,Customer Service,Paige Dymidowicz,Rial,395,Suite 24,422-518-4399,pdymidowicz5a@fema.gov,10/27/2015,true
192,Marketing,Chaddie Viccary,Dollar,58,14th Floor,626-730-8945,cviccary5b@networkadvertising.org,7/7/2010,true
193,Customer Service,Maurizio Stanion,Rupiah,166,Suite 23,187-194-6485,mstanion5c@theatlantic.com,5/31/2020,false
194,Sales,Lanette Blazy,Yuan Renminbi,259,PO Box 64004,838-334-0744,lblazy5d@disqus.com,1/3/2015,true
195,Customer Service,Bartholomew McCrossan,Ruble,17,Apt 682,803-792-4727,bmccrossan5e@ovh.net,11/26/2015,true
196,Customer Service,Cassy Reedick,Koruna,73,Suite 22,978-346-4580,creedick5f@cocolog-nifty.com,3/9/2018,false
197,Legal,Gary Rospars,Yuan Renminbi,24,PO Box 96938,765-270-7106,grospars5g@hhs.gov,2/18/2011,true
198,Legal,Anatole Leyzell,Shilling,236,Suite 9,597-819-3226,aleyzell5h@usgs.gov,12/3/2019,false
199,Legal,Orelia Canario,Zloty,410,7th Floor,723-168-4671,ocanario5i@microsoft.com,6/24/2020,true
200,Marketing,Witty Rookesby,Pound,75,PO Box 87566,544-464-4248,wrookesby5j@privacy.gov.au,3/9/2017,false
201,HR,Barbee Jennrich,Sol,394,19th Floor,722-709-4851,bjennrich5k@dion.ne.jp,11/10/2010,true
202,Customer Service,Juanita Eyres,Euro,187,Suite 19,701-155-2107,jeyres5l@friendfeed.com,3/23/2020,false
203,Marketing,Auberon Baldazzi,Cedi,299,20th Floor,507-341-1803,abaldazzi5m@google.ru,8/18/2012,true
204,Finance,Shell Grisedale,Shekel,215,9th Floor,755-744-0877,sgrisedale5n@zdnet.com,7/10/2013,true
205,Sales,Luigi Jovey,Real,16,Apt 435,375-265-4999,ljovey5o@adobe.com,2/23/2010,true
206,Legal,Dode Signore,Rupiah,376,Room 1555,977-214-4926,dsignore5p@twitter.com,11/25/2020,true
207,Legal,Sumner Langran,Yuan Renminbi,275,Room 431,700-730-9188,slangran5q@wsj.com,1/29/2017,true
208,Operations,Caroline Logsdail,Peso,168,PO Box 4565,821-822-6632,clogsdail5r@slideshare.net,3/27/2020,false
209,Legal,Debee Apark,Sol,393,Suite 5,870-960-8874,dapark5s@quantcast.com,3/23/2010,false
210,Finance,Kora Alcorn,Ruble,78,13th Floor,970-954-9641,kalcorn5t@yelp.com,4/28/2015,true
211,Sales,Bennett Mattes,Real,349,5th Floor,915-476-7015,bmattes5u@simplemachines.org,6/10/2014,true
212,Marketing,Dante Tirone,Yuan Renminbi,286,PO Box 45769,582-762-3258,dtirone5v@delicious.com,1/7/2012,false
213,Marketing,Brandie Dundendale,Zloty,341,Room 1016,334-661-8280,bdundendale5w@dyndns.org,3/1/2016,false
214,Sales,Evered Brearty,Euro,110,Apt 1369,502-739-2884,ebrearty5x@marriott.com,10/5/2018,false
215,Customer Service,Symon Ely,Euro,258,17th Floor,389-346-6403,sely5y@phoca.cz,7/2/2019,true
216,Finance,Genia Abramowitch,Shilling,164,Room 986,342-791-2290,gabramowitch5z@lycos.com,9/3/2016,true
217,Marketing,Orren Steedman,Baht,370,PO Box 25903,679-751-5663,osteedman60@cnbc.com,10/15/2021,true
218,Finance,Lola Schultze,Peso,144,Apt 656,389-846-5816,lschultze61@ted.com,5/12/2019,false
219,Operations,Meredith Acland,Euro,216,Suite 99,165-533-5195,macland62@freewebs.com,7/6/2019,false
220,Operations,Annie Ginner,Zloty,257,Apt 955,555-202-9012,aginner63@ftc.gov,6/5/2017,false
221,HR,Byrom Croxton,Yuan Renminbi,334,Apt 273,101-902-4292,bcroxton64@naver.com,2/18/2012,false
222,Finance,Jilli Russen,Krone,127,Suite 75,888-542-1919,jrussen65@toplist.cz,5/2/2013,true
223,Research & Development,Lelia Stieger,Rupiah,87,Suite 77,209-687-2270,lstieger66@meetup.com,3/20/2013,false
224,IT,Saul Erwin,Ruble,487,Apt 165,759-140-5417,serwin67@acquirethisname.com,7/26/2011,true
225,IT,Mannie Pietersma,Yuan Renminbi,144,Suite 37,390-295-3658,mpietersma68@google.fr,7/25/2022,true
226,Legal,Isabella Loughhead,Ruble,307,Apt 598,391-234-6495,iloughhead69@nps.gov,7/24/2010,false
227,HR,Jehu Apted,Yuan Renminbi,240,PO Box 6678,974-331-7622,japted6a@nydailynews.com,11/6/2010,false
228,Research & Development,Gloriane Westmorland,Rupiah,153,PO Box 82625,568-860-6978,gwestmorland6b@bloglines.com,3/12/2017,true
229,Customer Service,Jerome Lesor,Dollar,122,Room 346,259-589-3232,jlesor6c@cbc.ca,12/23/2018,false
230,Operations,Nari Stockwell,Real,60,14th Floor,522-646-7985,nstockwell6d@wunderground.com,7/8/2014,false
231,Customer Service,Parsifal Millier,Peso,148,PO Box 4792,143-983-2962,pmillier6e@twitter.com,6/4/2010,false
232,Finance,Mitchel Rosencrantz,Euro,126,Apt 660,785-216-7668,mrosencrantz6f@youku.com,9/28/2017,false
233,Customer Service,Charlotte Mil,Zloty,321,Apt 417,193-251-4294,cmil6g@amazonaws.com,9/8/2016,false
234,Research & Development,Heida Seiler,Peso,207,Apt 119,639-859-0151,hseiler6h@linkedin.com,10/31/2016,true
235,Operations,Angy Willis,Yuan Renminbi,405,Apt 1369,898-798-3295,awillis6i@tinypic.com,1/27/2019,false
236,Customer Service,Morgan Trye,Shilling,390,Room 836,868-131-9250,mtrye6j@zdnet.com,10/3/2022,true
237,Customer Service,Shanda Flanne,Euro,364,Room 931,963-546-1498,sflanne6k@foxnews.com,5/15/2020,false
238,Legal,Bobbie Attreed,Zloty,15,Room 1354,620-264-7279,battreed6l@amazonaws.com,1/31/2013,true
239,Legal,Beau Blackledge,Euro,125,Apt 594,940-724-3665,bblackledge6m@businesswire.com,9/27/2016,false
240,Legal,Cordelia Baylie,Ruble,399,17th Floor,334-685-6488,cbaylie6n@dagondesign.com,7/25/2014,true
241,Legal,Doug Alps,Baht,377,8th Floor,423-322-1950,dalps6o@boston.com,8/25/2012,false
242,Finance,Nichole Oxby,Zloty,153,Room 1498,108-121-6784,noxby6p@themeforest.net,2/15/2015,false
243,Sales,Gigi Toulamain,Hryvnia,400,Room 1296,864-936-5598,gtoulamain6q@vkontakte.ru,5/4/2011,true
244,HR,Zora Evreux,Yuan Renminbi,326,PO Box 22504,349-299-0304,zevreux6r@boston.com,8/12/2016,false
245,Finance,Sydel Perigoe,Real,305,Apt 876,174-180-9328,sperigoe6s@china.com.cn,7/2/2018,true
246,HR,Corette Batha,Peso,458,Suite 73,946-961-6250,cbatha6t@barnesandnoble.com,2/18/2011,true
247,Customer Service,Jonathan Ruff,Yuan Renminbi,174,PO Box 83721,196-357-9874,jruff6u@oaic.gov.au,7/28/2020,false
248,Legal,Urbanus Grigoryev,Yuan Renminbi,218,Apt 337,625-496-4784,ugrigoryev6v@google.pl,10/15/2010,true
249,Marketing,Joelie Vispo,Rupiah,415,Room 408,674-712-4907,jvispo6w@wikia.com,6/16/2022,true
250,Legal,Tobit Kobera,Yuan Renminbi,53,Apt 1512,402-582-1324,tkobera6x@dailymotion.com,7/15/2017,true
251,Marketing,Shanda Coneau,Leone,35,Apt 1251,586-234-2428,sconeau6y@goo.ne.jp,3/31/2018,false
252,Sales,Rebeka Sybbe,Pound,422,Apt 1852,123-903-0002,rsybbe6z@yandex.ru,5/20/2018,false
253,Sales,Obadiah Kaysor,Zloty,82,15th Floor,776-429-0256,okaysor70@stanford.edu,6/10/2019,true
254,Legal,Sibyl Colebeck,Yuan Renminbi,317,Room 1128,524-953-7997,scolebeck71@php.net,1/15/2014,true
255,Legal,Doralynne Sussex,Peso,181,Apt 1698,243-564-4005,dsussex72@sina.com.cn,7/19/2011,false
256,Sales,Layton Arger,Dollar,444,PO Box 5979,313-139-2938,larger73@cbslocal.com,8/17/2014,true
257,Research & Development,Effie Jellicorse,Sol,478,Room 1665,583-643-6945,ejellicorse74@marketwatch.com,8/6/2014,false
258,Operations,Eugen Verbrugghen,Balboa,462,Apt 190,729-244-2262,everbrugghen75@constantcontact.com,10/4/2021,false
259,IT,Reamonn Acott,Yuan Renminbi,47,Apt 796,805-430-5578,racott76@slate.com,4/21/2010,false
260,Marketing,Holden Casine,Ruble,143,3rd Floor,552-485-9571,hcasine77@wikimedia.org,4/7/2021,true
261,Research & Development,Benny Spitell,Yen,135,Suite 13,969-486-1460,bspitell78@forbes.com,2/14/2015,false
262,Operations,Douglass Sineath,Euro,191,Suite 78,424-588-1493,dsineath79@topsy.com,5/13/2021,false
263,Operations,Riki Osbourne,Rupiah,72,Suite 71,345-940-0811,rosbourne7a@microsoft.com,11/6/2015,false
264,Customer Service,Laurice Lougheed,Rupiah,82,Room 1779,169-412-2940,llougheed7b@uiuc.edu,10/27/2022,true
265,Legal,Sascha Bahlmann,Peso,441,1st Floor,602-595-9065,sbahlmann7c@example.com,9/3/2018,false
266,Legal,Thorny Jeens,Ruble,76,Apt 1528,643-631-1541,tjeens7d@biblegateway.com,3/28/2018,true
267,Research & Development,Shantee Sapena,Zloty,231,Apt 1397,628-234-7340,ssapena7e@fda.gov,9/11/2019,true
268,Customer Service,Guinevere Borsay,Krone,446,PO Box 94810,360-328-1391,gborsay7f@opensource.org,4/25/2021,true
269,Sales,Corny Matysik,Franc,331,5th Floor,862-418-0465,cmatysik7g@who.int,5/7/2010,true
270,HR,Laverne Franschini,Euro,410,19th Floor,937-841-3233,lfranschini7h@apache.org,3/19/2012,true
271,Finance,Christoffer Zavittieri,Euro,461,Suite 89,458-582-2994,czavittieri7i@imageshack.us,11/10/2010,false
272,Operations,Daune Stroobant,Dollar,10,PO Box 21272,793-745-0785,dstroobant7j@mtv.com,8/28/2010,false
273,HR,Sheelah Mosco,Afghani,68,Apt 1452,772-403-6870,smosco7k@blogspot.com,1/6/2017,true
274,Research & Development,Fredek Eatock,Euro,358,1st Floor,641-585-9436,featock7l@1688.com,11/25/2022,true
275,Finance,Kit Warbeys,Euro,455,12th Floor,443-447-3540,kwarbeys7m@marketwatch.com,2/10/2017,false
276,Sales,Noll Zavattieri,Dollar,76,Suite 68,273-168-8686,nzavattieri7n@people.com.cn,8/26/2014,true
277,Customer Service,Jard Aspall,Rupiah,149,2nd Floor,695-522-0114,jaspall7o@hc360.com,10/30/2010,true
278,HR,Kane Tremollet,Krona,42,PO Box 82228,337-862-0695,ktremollet7p@istockphoto.com,7/15/2020,true
279,Marketing,Ari Antoniottii,Peso,192,9th Floor,922-462-1077,aantoniottii7q@irs.gov,5/20/2021,true
280,Finance,Suki Linford,Peso,138,Room 1110,845-183-2708,slinford7r@patch.com,9/24/2018,false
281,Marketing,Else Mattisssen,Yuan Renminbi,81,13th Floor,155-665-4230,emattisssen7s@tinyurl.com,3/26/2013,false
282,Legal,Son Brushfield,Yuan Renminbi,401,Room 78,170-808-9378,sbrushfield7t@vk.com,8/3/2016,false
283,Research & Development,Deidre Blandamere,Dinar,473,Apt 1751,793-107-2665,dblandamere7u@forbes.com,5/30/2020,false
284,Customer Service,Jacquetta Henriquet,Rupiah,458,Apt 806,417-855-3428,jhenriquet7v@upenn.edu,6/25/2016,true
285,Sales,Herschel Cregg,Peso,153,Apt 937,560-773-7875,hcregg7w@digg.com,3/13/2014,true
286,HR,Odella Itzik,Ruble,163,Apt 1271,580-213-3053,oitzik7x@chronoengine.com,11/2/2017,true
287,Marketing,Jayson Gilliland,Yuan Renminbi,314,Room 904,960-218-6955,jgilliland7y@examiner.com,11/17/2021,false
288,Sales,Josee Zecchetti,Dollar,223,Room 465,163-564-4218,jzecchetti7z@issuu.com,7/6/2018,false
289,IT,Marcello McInerney,Yuan Renminbi,495,Room 130,468-936-5652,mmcinerney80@google.cn,7/14/2011,false
290,Finance,Cordy Kloster,Zloty,453,14th Floor,804-912-2350,ckloster81@parallels.com,2/14/2012,false
291,Research & Development,Jordanna Macguire,Peso,481,Suite 77,901-442-8662,jmacguire82@about.com,5/8/2013,true
292,Research & Development,Gabi Eichmann,Yen,390,Suite 71,447-281-7902,geichmann83@acquirethisname.com,1/30/2018,false
293,Legal,Minda Bampforth,Rupee,401,PO Box 29589,807-644-4322,mbampforth84@google.co.uk,1/12/2017,true
294,Operations,Munroe Pyrton,Dollar,90,Suite 87,818-195-5335,mpyrton85@bandcamp.com,2/23/2014,true
295,HR,Gilda Hubbard,Yuan Renminbi,172,19th Floor,829-561-9121,ghubbard86@edublogs.org,5/22/2014,false
296,IT,Gordon Veracruysse,Krona,412,Suite 7,410-189-6975,gveracruysse87@behance.net,6/30/2018,false
297,Finance,Hertha Josowitz,Peso,84,Apt 1596,980-241-8168,hjosowitz88@zimbio.com,12/12/2021,true
298,Marketing,Sioux Hast,Dollar,17,Room 127,612-417-3502,shast89@samsung.com,3/31/2022,true
299,IT,Phillipe Dewhurst,Yuan Renminbi,346,13th Floor,110-339-7899,pdewhurst8a@google.com,2/12/2017,false
300,Legal,Neala Heindrick,Krona,392,Suite 85,610-635-3536,nheindrick8b@over-blog.com,1/22/2022,false
301,Sales,Lars Harrowing,Rial,360,Apt 600,118-368-1173,lharrowing8c@pagesperso-orange.fr,8/23/2011,false
302,Operations,Kit Semens,Yuan Renminbi,398,Apt 1335,245-510-9349,ksemens8d@behance.net,2/18/2022,true
303,Research & Development,Isis Robion,Rupiah,220,5th Floor,248-249-4843,irobion8e@csmonitor.com,8/3/2012,false
304,Finance,Far Beiderbeck,Peso,294,7th Floor,336-525-3155,fbeiderbeck8f@hhs.gov,2/1/2018,false
305,Operations,Ashlie Bloss,Euro,489,8th Floor,462-922-1008,abloss8g@forbes.com,6/13/2014,true
306,HR,Martguerita Jacobovitz,Ruble,240,Apt 1292,411-570-5135,mjacobovitz8h@princeton.edu,7/22/2022,false
307,Sales,Marguerite Wenzel,Yuan Renminbi,221,19th Floor,103-869-1802,mwenzel8i@usa.gov,8/19/2021,true
308,Operations,Linnell Orum,Euro,432,Suite 91,791-392-6186,lorum8j@yahoo.com,7/31/2017,true
309,Customer Service,Gaspar Yakov,Sol,489,6th Floor,949-942-9704,gyakov8k@businessweek.com,7/12/2011,true
310,HR,Romonda Tarry,Escudo,309,5th Floor,201-781-7138,rtarry8l@constantcontact.com,11/22/2017,false
311,Finance,Sharron Millett,Koruna,316,Room 1340,297-934-2847,smillett8m@fastcompany.com,2/6/2018,true
312,Finance,Hermann Garfield,Dong,494,PO Box 73074,568-578-8526,hgarfield8n@mac.com,2/15/2016,true
313,Finance,Shanta Kemwal,Dinar,458,Suite 56,313-277-8477,skemwal8o@issuu.com,9/12/2015,false
314,Sales,Avie Woollcott,Ruble,272,PO Box 36462,928-288-9033,awoollcott8p@xinhuanet.com,7/19/2014,false
315,Finance,Amalie Dunmore,Peso,51,PO Box 99779,670-689-8659,adunmore8q@sakura.ne.jp,5/5/2021,false
316,Operations,Wilona Tommeo,Peso,324,Apt 1278,694-303-7493,wtommeo8r@statcounter.com,2/11/2019,false
317,Operations,Gaven Radcliffe,Rupiah,198,Apt 1582,264-928-2610,gradcliffe8s@springer.com,7/19/2013,true
318,Customer Service,Susanna Ickovic,Yuan Renminbi,420,Apt 467,805-504-7599,sickovic8t@walmart.com,7/30/2012,true
319,Research & Development,Garvy Crockley,Ruble,499,Room 320,682-185-6396,gcrockley8u@dion.ne.jp,3/18/2011,true
320,Research & Development,Con Hegarty,Peso,384,Room 688,732-996-5536,chegarty8v@comsenz.com,11/20/2022,true
321,HR,Isabelita Orry,Ruble,72,Apt 533,482-352-8651,iorry8w@smh.com.au,12/19/2011,false
322,IT,Harwell Perett,Peso,315,Room 364,323-374-3465,hperett8x@va.gov,12/26/2020,false
323,Marketing,Marmaduke Leward,Peso,357,PO Box 63041,717-179-6964,mleward8y@mlb.com,7/19/2015,true
324,Operations,Selle Snelgrove,Peso,483,Room 1291,373-134-8139,ssnelgrove8z@aboutads.info,3/28/2012,false
325,Customer Service,Mallory Traice,Yuan Renminbi,17,Room 1437,492-195-8246,mtraice90@amazon.co.uk,11/3/2018,true
326,Marketing,Moe Ivantyev,Zloty,60,13th Floor,309-312-8757,mivantyev91@bbb.org,2/28/2020,true
327,Sales,Lyn Quarmby,Ruble,342,Apt 1131,375-742-2479,lquarmby92@howstuffworks.com,4/22/2019,false
328,Finance,Winonah Treacy,Peso,325,Apt 660,378-377-7797,wtreacy93@naver.com,6/11/2010,true
329,Research & Development,Odele Tejero,Yuan Renminbi,21,PO Box 84975,721-898-6838,otejero94@ning.com,5/27/2019,false
330,Legal,Finn Scafe,Pound,130,7th Floor,873-276-3121,fscafe95@weebly.com,2/28/2013,true
331,Finance,Barton Gelly,Sol,87,18th Floor,425-352-1275,bgelly96@zimbio.com,1/18/2015,true
332,Finance,Eddie Noakes,Euro,219,PO Box 93884,640-612-2270,enoakes97@hatena.ne.jp,10/10/2014,true
333,Operations,Samuel Forst,Yuan Renminbi,151,Apt 462,384-573-7622,sforst98@vimeo.com,1/21/2014,false
334,Finance,Ellary Hearnshaw,Rupiah,341,Apt 1187,549-985-2476,ehearnshaw99@weibo.com,1/17/2012,false
335,Legal,Kiley Frangleton,Peso,390,Apt 168,257-878-1184,kfrangleton9a@shinystat.com,6/28/2019,true
336,Sales,Sebastiano Bangley,Peso,283,9th Floor,496-122-6845,sbangley9b@ucsd.edu,3/25/2019,false
337,Finance,Blondelle Hitschke,Rupee,119,14th Floor,789-292-9352,bhitschke9c@meetup.com,6/6/2013,false
338,Legal,Mela Gittings,Koruna,93,Room 675,403-394-7322,mgittings9d@accuweather.com,7/12/2013,true
339,Legal,Kendrick Denk,Peso,84,Suite 83,172-568-3072,kdenk9e@forbes.com,11/5/2017,true
340,Legal,Jeffrey Tether,Rupiah,461,1st Floor,218-583-7400,jtether9f@mail.ru,8/19/2015,false
341,Finance,Forest Fraczkiewicz,Rupiah,62,Suite 40,188-525-6604,ffraczkiewicz9g@quantcast.com,5/12/2018,false
342,Customer Service,Anette Skains,Bolivar,189,Apt 1419,919-783-7386,askains9h@nytimes.com,9/25/2018,true
343,HR,Aline Daykin,Dollar,408,Suite 41,131-378-2146,adaykin9i@twitpic.com,1/31/2014,false
344,Marketing,Julienne D'Antonio,Sol,148,Suite 58,574-566-8045,jdantonio9j@nhs.uk,1/5/2015,true
345,Legal,Hussein Cancutt,Peso,26,PO Box 76029,437-212-4996,hcancutt9k@over-blog.com,1/9/2021,false
346,IT,Artur Jefferd,Koruna,428,PO Box 88350,407-425-6030,ajefferd9l@photobucket.com,5/31/2014,false
347,Sales,Olympe Spriddle,Franc,40,13th Floor,767-338-0921,ospriddle9m@netvibes.com,4/16/2015,false
348,IT,Robyn Enga,Yuan Renminbi,254,17th Floor,947-911-4496,renga9n@blogs.com,3/1/2017,true
349,Finance,Seymour Tulleth,Balboa,207,Suite 55,545-868-6796,stulleth9o@topsy.com,11/2/2022,true
350,Customer Service,Leonora Foister,Kwacha,325,9th Floor,989-116-6715,lfoister9p@apache.org,2/19/2014,false
351,Legal,Codi Aldritt,Euro,131,Apt 1360,609-478-3215,caldritt9q@indiatimes.com,2/19/2016,false
352,Finance,Cynthy Howlin,Yuan Renminbi,86,Room 1865,701-951-8088,chowlin9r@oaic.gov.au,10/28/2010,true
353,Operations,Lucky Catlette,Yuan Renminbi,358,19th Floor,112-182-7297,lcatlette9s@newyorker.com,1/30/2010,false
354,Marketing,Timmi Nend,Peso,434,Room 390,438-155-3832,tnend9t@flavors.me,6/8/2012,true
355,Operations,Moishe Hassewell,Ruble,344,Suite 79,594-996-5912,mhassewell9u@wikia.com,4/13/2010,true
356,Finance,Mallory Lemon,Yuan Renminbi,155,1st Floor,867-903-3450,mlemon9v@netvibes.com,7/18/2012,false
357,Customer Service,Nanci Shelly,Ruble,264,Room 1133,641-990-6863,nshelly9w@scribd.com,7/30/2017,false
358,Finance,Amandi Mordan,Yuan Renminbi,98,13th Floor,244-969-3181,amordan9x@senate.gov,3/18/2022,false
359,Research & Development,Milt Menendez,Koruna,325,Apt 744,826-326-3267,mmenendez9y@cmu.edu,10/1/2019,true
360,IT,Celia Joerning,Rupiah,18,PO Box 33791,460-956-5324,cjoerning9z@npr.org,11/2/2018,true
361,Marketing,Klarrisa Millbank,Peso,407,Room 1037,704-303-0514,kmillbanka0@netscape.com,9/13/2015,true
362,Marketing,Madeleine Pavic,Euro,422,Apt 1542,354-309-0969,mpavica1@dailymail.co.uk,1/24/2012,false
363,IT,Odette Geldard,Yen,134,Room 1743,694-469-8971,ogeldarda2@dropbox.com,5/14/2016,true
364,Finance,Christiano Brimman,Yuan Renminbi,416,Apt 962,725-342-6222,cbrimmana3@amazon.co.jp,8/19/2022,true
365,Sales,Marylinda Shippey,Peso,456,Apt 1344,804-798-1235,mshippeya4@yelp.com,1/20/2015,false
366,HR,Boyd Daniau,Rupiah,429,PO Box 33421,638-844-6528,bdaniaua5@ftc.gov,2/3/2022,false
367,IT,Brenden Stitfall,Ruble,250,PO Box 93903,709-309-0584,bstitfalla6@opensource.org,12/26/2020,true
368,Finance,Carlene De Lorenzo,Zloty,400,Room 715,775-903-0176,cdea7@hostgator.com,1/11/2019,true
369,Research & Development,Hester Keggins,Peso,116,Suite 34,289-732-6157,hkegginsa8@biglobe.ne.jp,3/17/2017,true
370,Finance,Patricia Alman,Yen,397,Suite 54,866-362-1096,palmana9@godaddy.com,6/26/2015,false
371,Marketing,Raf Quarterman,Zloty,401,8th Floor,782-141-2171,rquartermanaa@sina.com.cn,1/26/2018,false
372,HR,Shepperd Hick,Shilling,415,Apt 1109,831-893-2869,shickab@google.cn,12/11/2012,false
373,HR,Artemas Duplock,Hryvnia,412,1st Floor,671-121-1804,aduplockac@slate.com,12/14/2017,false
374,IT,Lodovico Gowling,Rupiah,141,8th Floor,356-729-8891,lgowlingad@trellian.com,7/9/2018,false
375,Customer Service,Bil Eby,Som,129,Room 418,964-174-0118,bebyae@nba.com,9/10/2020,false
376,Legal,Tome Eastabrook,Euro,322,Room 895,309-169-6658,teastabrookaf@dell.com,10/26/2016,true
377,Finance,Celka Dewicke,Shilling,121,19th Floor,191-770-1684,cdewickeag@ycombinator.com,11/6/2013,false
378,Finance,Albertine Dudhill,Real,298,Suite 49,708-157-2649,adudhillah@irs.gov,12/8/2015,false
379,Operations,Ezmeralda Jiran,Krona,170,Suite 55,388-107-2470,ejiranai@cbc.ca,1/10/2013,false
380,Operations,Valle Bartolini,Euro,278,11th Floor,656-327-6227,vbartoliniaj@infoseek.co.jp,10/24/2011,true
381,IT,Pearla Bernhardt,Won,88,PO Box 26508,785-766-5132,pbernhardtak@kickstarter.com,3/13/2019,true
382,IT,Zedekiah Bockman,Ruble,201,Room 1838,888-931-1817,zbockmanal@scribd.com,11/8/2014,true
383,IT,Troy Danielot,Euro,396,PO Box 31497,688-675-0884,tdanielotam@google.fr,11/11/2016,true
384,IT,Ainslee Schoffel,Euro,349,PO Box 50545,427-719-0154,aschoffelan@cyberchimps.com,7/9/2012,false
385,Operations,Gibby Bartosek,Rupiah,460,3rd Floor,718-366-2008,gbartosekao@123-reg.co.uk,6/4/2022,true
386,HR,Barclay Flannigan,Rupiah,103,Room 1228,255-203-2996,bflanniganap@indiatimes.com,4/25/2022,true
387,Marketing,Aleda Victor,Yuan Renminbi,103,11th Floor,581-382-9361,avictoraq@un.org,6/11/2017,true
388,Sales,Gerick Kleeborn,Peso,400,Suite 38,646-497-8980,gkleebornar@sciencedirect.com,9/28/2018,true
389,HR,Baxie Arnell,Rupiah,10,PO Box 42894,632-193-3746,barnellas@about.com,6/5/2018,false
390,IT,Gilemette Poure,Peso,18,7th Floor,238-775-3713,gpoureat@vkontakte.ru,8/9/2013,true
391,Legal,Jackie Jankovsky,Rand,460,PO Box 79336,734-296-1053,jjankovskyau@statcounter.com,5/9/2021,false
392,Customer Service,Deeyn Molson,Dollar,85,10th Floor,236-708-6139,dmolsonav@google.de,7/25/2020,true
393,Marketing,Valli Galbreath,Real,308,Room 1165,798-909-4055,vgalbreathaw@yellowpages.com,11/28/2011,true
394,IT,Gottfried Mannakee,Franc,11,PO Box 93571,776-528-9221,gmannakeeax@hhs.gov,12/18/2012,false
395,Legal,Jeremiah Circuit,Yuan Renminbi,436,PO Box 48514,858-809-1887,jcircuitay@house.gov,6/11/2010,false
396,Customer Service,Kenyon Gjerde,Yen,128,PO Box 17941,301-489-6089,kgjerdeaz@oakley.com,4/4/2011,true
397,Customer Service,Blythe Hartland,Krona,324,Room 124,750-569-0948,bhartlandb0@cyberchimps.com,6/3/2021,true
398,Marketing,Rad Suddick,Dollar,180,19th Floor,202-476-2781,rsuddickb1@dyndns.org,10/21/2016,false
399,Marketing,Genevieve Milius,Rupiah,158,3rd Floor,389-349-8485,gmiliusb2@latimes.com,7/5/2019,false
400,Operations,Erastus McClune,Lempira,295,Room 688,689-858-0675,emccluneb3@microsoft.com,1/15/2011,true
401,Customer Service,Rickard Robillart,Rial,317,PO Box 97941,546-839-8751,rrobillartb4@last.fm,8/4/2020,true
402,HR,Aleksandr Walthew,Dollar,125,7th Floor,210-975-9031,awalthewb5@paginegialle.it,9/28/2021,false
403,Legal,Delphine Thwaite,Euro,297,Apt 106,603-494-4809,dthwaiteb6@51.la,4/13/2014,false
404,Customer Service,Sophi Donavan,Lev,199,Suite 87,219-773-0192,sdonavanb7@hibu.com,12/16/2010,true
405,Operations,Editha Mathewson,Rupee,225,PO Box 34258,606-592-7094,emathewsonb8@blogs.com,7/8/2017,false
406,Sales,Anallise Perett,Yuan Renminbi,326,PO Box 62864,149-763-0945,aperettb9@dropbox.com,7/6/2020,false
407,Sales,Bessy Littlemore,Ruble,463,PO Box 48392,351-416-2916,blittlemoreba@twitpic.com,12/23/2012,false
408,Marketing,Pierrette Gowman,Ariary,430,Room 1845,176-422-9586,pgowmanbb@sogou.com,4/9/2017,true
409,IT,Rebbecca Carney,Ruble,207,7th Floor,626-423-1348,rcarneybc@twitpic.com,8/30/2010,true
410,HR,Neddie Rebbeck,Rupiah,248,Apt 975,919-347-2134,nrebbeckbd@samsung.com,3/20/2016,false
411,Marketing,Dallas Dightham,Dinar,325,9th Floor,653-952-0058,ddighthambe@washingtonpost.com,3/23/2022,true
412,Customer Service,Carlos Durling,Yuan Renminbi,453,Room 850,701-446-8937,cdurlingbf@weibo.com,12/30/2016,false
413,HR,Gibb Tunnicliff,Dinar,38,PO Box 91886,710-612-4554,gtunnicliffbg@gravatar.com,7/22/2017,false
414,Research & Development,Harriot Whife,Rupiah,36,Room 941,423-193-2553,hwhifebh@whitehouse.gov,9/29/2012,false
415,Marketing,Stafford Scanterbury,Dollar,456,Apt 1478,214-667-1216,sscanterburybi@bloglovin.com,7/21/2011,false
416,Sales,Karin Leaning,Ruble,54,PO Box 46077,461-877-3639,kleaningbj@barnesandnoble.com,2/20/2010,false
417,Operations,Perla Foard,Afghani,489,Apt 623,867-607-5440,pfoardbk@seesaa.net,2/13/2011,false
418,HR,Janice Neicho,Yuan Renminbi,302,PO Box 93095,176-943-2358,jneichobl@sbwire.com,8/4/2016,false
419,Research & Development,Edlin Brundale,Koruna,333,16th Floor,835-235-1091,ebrundalebm@free.fr,9/26/2010,true
420,Marketing,Elly Cockman,Rupiah,257,PO Box 47385,940-640-6122,ecockmanbn@latimes.com,5/25/2017,true
421,IT,Kerr Dallimare,Boliviano,24,10th Floor,519-617-3772,kdallimarebo@guardian.co.uk,4/14/2015,false
422,Customer Service,Brooke Zorzini,Shilling,149,Apt 402,492-542-7497,bzorzinibp@netvibes.com,7/7/2017,false
423,HR,Clotilda Deabill,Rupiah,429,13th Floor,354-751-4780,cdeabillbq@chicagotribune.com,12/16/2016,false
424,Finance,Flossy Yukhin,Rupiah,378,Room 258,923-604-5017,fyukhinbr@plala.or.jp,12/29/2016,true
425,HR,Gilbertina Lear,Yuan Renminbi,285,Apt 261,363-962-5698,glearbs@army.mil,12/7/2013,true
426,IT,Terri-jo McMackin,Ruble,111,PO Box 84373,691-314-3997,tmcmackinbt@wikipedia.org,5/27/2010,false
427,Customer Service,Angelle Spinozzi,Hryvnia,492,Apt 750,639-753-0928,aspinozzibu@blog.com,3/22/2017,true
428,IT,Elijah Tinklin,Sol,220,Apt 1353,492-753-3063,etinklinbv@mayoclinic.com,8/19/2016,true
429,Research & Development,Kile O' Cloney,Quetzal,387,Apt 721,179-905-0669,kobw@cnn.com,1/24/2010,false
430,IT,Douglas Balcombe,Zloty,438,PO Box 4710,796-359-7808,dbalcombebx@cnn.com,9/4/2014,false
431,Research & Development,Nari Walesa,Yen,394,Room 306,772-499-3599,nwalesaby@utexas.edu,9/19/2019,false
432,Finance,Edy Cheak,Ariary,72,Suite 23,187-831-9303,echeakbz@cloudflare.com,8/2/2022,false
433,Finance,Cilka Esilmon,Peso,22,Room 1839,332-785-9795,cesilmonc0@buzzfeed.com,8/5/2010,false
434,Operations,Matty Darwin,Rupee,461,PO Box 43624,439-967-8496,mdarwinc1@about.com,11/17/2014,true
435,Customer Service,Claudetta Mosdell,Peso,87,Room 1949,905-349-4650,cmosdellc2@blogger.com,5/3/2021,false
436,Research & Development,Nara Doret,Dong,419,PO Box 2117,710-997-3833,ndoretc3@dropbox.com,10/7/2016,false
437,Customer Service,Leif Adnett,Euro,13,Apt 589,702-313-3333,ladnettc4@mozilla.com,2/20/2010,true
438,Operations,Annabell Albon,Ruble,392,Suite 45,132-642-4807,aalbonc5@wikimedia.org,8/24/2013,false
439,Customer Service,Philipa Hame,Real,466,10th Floor,449-715-3907,phamec6@harvard.edu,7/28/2011,false
440,Customer Service,Angela Dufaur,Hryvnia,89,Suite 96,520-214-5755,adufaurc7@adobe.com,10/19/2015,true
441,Legal,Tuesday Tabor,Yuan Renminbi,244,19th Floor,385-389-1359,ttaborc8@shutterfly.com,1/2/2015,true
442,Finance,Sheila-kathryn Malafe,Sol,416,Apt 1435,216-188-7141,smalafec9@usgs.gov,12/17/2015,true
443,Research & Development,Mechelle Bettley,Zloty,497,Apt 1591,611-445-8011,mbettleyca@sourceforge.net,11/11/2013,true
444,HR,Farlee Poulney,Yuan Renminbi,75,Suite 9,512-709-0484,fpoulneycb@macromedia.com,4/23/2010,true
445,Finance,Helenka Bonnell,Rupee,159,PO Box 87532,464-889-8055,hbonnellcc@plala.or.jp,10/12/2016,false
446,HR,Kelcy Jakubczyk,Quetzal,86,3rd Floor,810-662-6267,kjakubczykcd@comcast.net,6/6/2021,true
447,Research & Development,Joell Sands,Taka,89,Apt 1388,680-829-3189,jsandsce@time.com,2/15/2014,true
448,Sales,Molli Ottewell,Yuan Renminbi,113,Room 1126,796-554-5860,mottewellcf@nba.com,6/26/2015,true
449,HR,Arlina Keelinge,Euro,273,PO Box 73566,639-981-1772,akeelingecg@opera.com,2/7/2010,false
450,Sales,Druci Daunay,Peso,483,17th Floor,273-363-0039,ddaunaych@apache.org,8/24/2014,false
451,Research & Development,Dunc Soffe,Afghani,147,Apt 1825,162-676-9727,dsoffeci@blogger.com,11/29/2018,false
452,Legal,Page Elham,Yen,63,PO Box 77935,838-337-5915,pelhamcj@stumbleupon.com,6/10/2014,true
453,Sales,Essa Eudall,Dollar,488,Room 749,205-221-5632,eeudallck@ted.com,11/1/2014,false
454,Sales,Arlana McMeyler,Krona,162,PO Box 86623,670-377-0582,amcmeylercl@census.gov,1/18/2014,true
455,Customer Service,Merwin Pidgin,Sol,81,Apt 1123,170-293-1701,mpidgincm@163.com,6/1/2018,true
456,Marketing,Arv Alyokhin,Yuan Renminbi,305,PO Box 32668,854-708-0719,aalyokhincn@buzzfeed.com,8/25/2019,false
457,Operations,Ned Self,Lev,425,PO Box 3261,250-502-8009,nselfco@bizjournals.com,12/24/2018,true
458,Marketing,Rob Driutti,Franc,466,Apt 1342,633-919-9354,rdriutticp@bigcartel.com,7/5/2016,false
459,Customer Service,Aindrea Goscomb,Zloty,186,3rd Floor,416-246-5467,agoscombcq@seattletimes.com,3/13/2010,false
460,Customer Service,Merrill Stollenhof,Rial,324,12th Floor,203-117-5761,mstollenhofcr@canalblog.com,3/19/2019,false
461,Research & Development,Linet Seed,Yuan Renminbi,120,Apt 1551,965-919-7379,lseedcs@last.fm,9/22/2019,false
462,Operations,Maureen Wyborn,Yuan Renminbi,223,Room 20,862-996-8459,mwybornct@noaa.gov,8/17/2014,true
463,Research & Development,Cordie McOmish,Krona,276,Apt 1820,663-490-2474,cmcomishcu@admin.ch,10/9/2016,true
464,Research & Development,Ulysses Proudman,Yuan Renminbi,154,PO Box 63426,714-568-4875,uproudmancv@hubpages.com,4/27/2014,true
465,Legal,Ileana Nutty,Manat,306,Apt 120,351-549-4274,inuttycw@unc.edu,1/7/2010,true
466,Research & Development,Faye Kelloch,Peso,246,Room 1596,856-202-3801,fkellochcx@timesonline.co.uk,10/6/2015,false
467,HR,Kirbee Scotney,Ariary,491,Room 1720,995-887-4792,kscotneycy@admin.ch,5/4/2015,false
468,IT,Leila Moors,Euro,260,Room 1336,792-185-4046,lmoorscz@vimeo.com,1/7/2017,false
469,Sales,Aubry Coche,Tugrik,282,PO Box 31032,152-506-8854,acoched0@wikipedia.org,12/20/2020,true
470,Sales,Imojean Fernan,Real,425,Suite 51,492-117-8009,ifernand1@xing.com,4/1/2019,false
471,Finance,Onfroi Marin,Peso,241,Suite 1,941-339-0606,omarind2@tinypic.com,1/20/2019,true
472,Finance,Haskell McRamsey,Ruble,69,PO Box 12997,392-904-8814,hmcramseyd3@cbsnews.com,5/13/2018,false
473,Operations,Carson Mayor,Dollar,281,Suite 29,947-409-1927,cmayord4@zimbio.com,11/17/2010,true
474,HR,Mellisa Euplate,Yen,480,Room 392,516-835-7593,meuplated5@imgur.com,7/2/2021,false
475,Legal,Kimmi Cecchetelli,Sol,310,16th Floor,333-877-7486,kcecchetellid6@globo.com,11/26/2015,true
476,Legal,Floris Ledwith,Tenge,16,Suite 53,855-806-5091,fledwithd7@wiley.com,9/13/2019,true
477,Operations,Boigie Baudinelli,Rial,184,6th Floor,470-281-8309,bbaudinellid8@theguardian.com,4/29/2010,false
478,Research & Development,Roxana Shapera,Hryvnia,245,2nd Floor,327-785-6015,rshaperad9@narod.ru,4/2/2013,false
479,Marketing,Jermaine Pauley,Yen,135,8th Floor,167-800-4276,jpauleyda@t.co,12/26/2022,false
480,Marketing,Nicky Lyste,Yuan Renminbi,164,8th Floor,920-194-3995,nlystedb@lycos.com,4/21/2013,true
481,Operations,Baily Verty,Euro,490,4th Floor,917-326-0878,bvertydc@msu.edu,8/27/2020,false
482,Operations,Jess Davidovitch,Yuan Renminbi,33,Apt 1925,387-143-3193,jdavidovitchdd@mozilla.org,6/1/2022,false
483,Research & Development,Margaretta Wimes,Yen,319,Room 1044,936-980-4976,mwimesde@booking.com,5/17/2019,false
484,Research & Development,Doralynn Dark,Dirham,361,PO Box 86865,871-422-4904,ddarkdf@ustream.tv,10/16/2010,true
485,HR,Myrta McLauchlin,Pound,444,Suite 89,249-768-7608,mmclauchlindg@about.com,12/29/2013,true
486,Customer Service,Wheeler Bembridge,Real,264,PO Box 59880,331-863-8186,wbembridgedh@nba.com,9/6/2011,true
487,Finance,Ethelbert Colcutt,Peso,121,Suite 50,509-850-9029,ecolcuttdi@rakuten.co.jp,1/11/2015,true
488,Legal,Roze Bevis,Yuan Renminbi,120,PO Box 1452,270-129-3226,rbevisdj@cloudflare.com,3/15/2010,true
489,Legal,Veronique Umpleby,Zloty,195,10th Floor,527-280-2150,vumplebydk@blogtalkradio.com,1/1/2010,false
490,IT,Leilah Neale,Ruble,293,Apt 1367,355-303-8658,lnealedl@topsy.com,12/4/2018,true
491,Customer Service,Clywd Seebright,Rupiah,316,Suite 31,888-865-2224,cseebrightdm@businesswire.com,9/13/2022,false
492,Customer Service,Ricoriki Bygreaves,Euro,466,Suite 75,770-230-2916,rbygreavesdn@parallels.com,10/8/2013,true
493,HR,Reynold Downe,Forint,154,Suite 91,283-209-2306,rdownedo@twitter.com,8/8/2020,false
494,Research & Development,Aliza Whittenbury,Ruble,231,Suite 9,924-641-8901,awhittenburydp@ft.com,10/22/2015,true
495,Customer Service,Roanna Dethloff,Tugrik,443,Room 315,741-602-5726,rdethloffdq@ucsd.edu,8/30/2021,false
496,Operations,Kassi O'Dougherty,Euro,368,Room 761,545-460-6381,kodoughertydr@engadget.com,11/4/2010,false
497,HR,Reed Gutsell,Koruna,259,1st Floor,934-225-5589,rgutsellds@edublogs.org,9/25/2015,false
498,Operations,Etan Stoll,Yuan Renminbi,370,17th Floor,498-723-1897,estolldt@wikimedia.org,10/23/2013,false
499,Legal,Axel Winslow,Dollar,371,Suite 18,386-723-5525,awinslowdu@narod.ru,4/16/2016,true
500,Marketing,Teodoro Bulloch,Rupee,305,4th Floor,278-927-0700,tbullochdv@blogspot.com,1/24/2014,true
501,IT,Florie Jakeway,Dinar,94,Apt 851,183-496-6994,fjakewaydw@comcast.net,2/15/2018,true
502,Finance,Bernardine Durrant,Rupiah,110,Apt 596,983-748-8278,bdurrantdx@oaic.gov.au,2/6/2014,true
503,Legal,Irma Hintzer,Zloty,464,Room 776,501-136-8920,ihintzerdy@biglobe.ne.jp,5/14/2012,true
504,Marketing,Matias Esmond,Peso,89,Room 1736,587-194-7647,mesmonddz@jalbum.net,7/22/2017,false
505,Operations,Prentiss Buyers,Real,230,5th Floor,915-290-9440,pbuyerse0@ocn.ne.jp,8/26/2015,false
506,IT,Risa Shapiro,Peso,41,PO Box 79830,429-226-0794,rshapiroe1@skype.com,2/6/2012,true
507,Operations,Jillane Duinbleton,Peso,432,PO Box 42408,189-999-5809,jduinbletone2@fc2.com,10/15/2020,false
508,Marketing,Reba Gasperi,Peso,64,Room 1906,350-870-6324,rgasperie3@posterous.com,5/20/2014,true
509,IT,Flore Rubberts,Rupiah,136,PO Box 3481,715-236-8104,frubbertse4@jiathis.com,12/12/2018,true
510,Finance,Oneida Toland,Yuan Renminbi,350,Apt 1040,117-157-2544,otolande5@deviantart.com,1/24/2013,true
511,Finance,Johna Selbie,Hryvnia,327,8th Floor,158-284-3254,jselbiee6@elegantthemes.com,6/13/2013,true
512,Research & Development,Osgood Blunden,Koruna,465,3rd Floor,636-953-3546,oblundene7@google.com,4/24/2022,false
513,Research & Development,Halsy Parsley,Krona,75,Apt 890,623-379-3162,hparsleye8@privacy.gov.au,7/22/2012,true
514,Finance,Cahra Laight,Zloty,359,Apt 289,257-530-0696,claighte9@illinois.edu,9/14/2012,true
515,IT,Onofredo Bendtsen,Euro,389,PO Box 23346,816-253-6503,obendtsenea@comcast.net,6/8/2020,false
516,Research & Development,Andrej Kleisel,Yuan Renminbi,353,Room 1903,861-154-2082,akleiseleb@ed.gov,4/29/2013,false
517,Operations,Sibilla Rossbrooke,Yuan Renminbi,208,PO Box 27105,271-965-5556,srossbrookeec@google.com,6/4/2015,false
518,IT,Hershel MacNalley,Euro,63,Apt 239,518-746-3572,hmacnalleyed@stumbleupon.com,8/27/2020,true
519,IT,Gerald Reffe,Peso,65,Apt 1626,603-520-0803,greffeee@acquirethisname.com,8/20/2020,true
520,IT,Sula Ronchi,Yen,388,Apt 1390,108-324-4521,sronchief@patch.com,3/12/2012,true
521,Finance,Katie Kestell,Real,347,Suite 80,147-457-2678,kkestelleg@npr.org,1/30/2012,true
522,Finance,Jaymie Crutchley,Euro,368,PO Box 77377,673-297-1357,jcrutchleyeh@bravesites.com,6/8/2014,false
523,Legal,Karel Olyunin,Rupiah,452,Suite 23,360-661-9546,kolyuninei@amazon.co.uk,9/25/2017,true
524,HR,Charlton Mitro,Baht,297,PO Box 57980,525-986-7217,cmitroej@usnews.com,10/26/2011,false
525,HR,Maxine Bickerstasse,Tugrik,335,Apt 719,753-264-6396,mbickerstasseek@statcounter.com,4/16/2022,true
526,Sales,Cherin Venables,Lempira,496,11th Floor,961-537-7195,cvenablesel@bing.com,12/13/2016,false
527,Legal,Esta Klosser,Zloty,458,PO Box 27754,116-209-5078,eklosserem@diigo.com,7/8/2010,true
528,IT,Daphene Sille,Won,68,6th Floor,680-666-5984,dsilleen@networkadvertising.org,10/17/2022,false
529,Research & Development,Glori Zapater,Sol,189,Room 905,228-143-5952,gzapatereo@army.mil,11/14/2014,false
530,HR,Susanna Lebel,Dinar,458,17th Floor,284-774-6790,slebelep@yandex.ru,11/16/2020,false
531,HR,Burtie Fasset,Rupiah,37,Room 844,538-822-6179,bfasseteq@redcross.org,9/30/2021,true
532,Marketing,Dalis Mounter,Ruble,33,13th Floor,601-769-9405,dmounterer@squidoo.com,3/22/2016,false
533,Marketing,Kerwinn Hembling,Rupiah,275,PO Box 27865,867-913-7584,khemblinges@webs.com,4/16/2015,false
534,IT,Tildi Cully,Yuan Renminbi,60,PO Box 36520,766-282-0306,tcullyet@goo.ne.jp,7/24/2017,true
535,Marketing,Susannah McCahey,Marka,351,Suite 54,788-315-7257,smccaheyeu@nasa.gov,11/2/2011,true
536,Customer Service,Bea Drake,Peso,127,Room 623,633-954-1827,bdrakeev@ucla.edu,11/28/2015,true
537,Customer Service,Joya Poulston,Zloty,174,Apt 821,756-543-1107,jpoulstonew@squarespace.com,7/30/2012,true
538,Marketing,Annie O' Hogan,Franc,275,Apt 326,115-240-6632,aoex@shinystat.com,5/26/2020,true
539,Marketing,Pavel Pechard,Peso,348,Room 1937,531-582-6932,ppechardey@goo.gl,1/24/2014,true
540,IT,Milo Maingot,Ruble,360,Room 375,956-664-0778,mmaingotez@businessinsider.com,10/25/2010,false
541,Sales,Merralee Capin,Peso,205,Room 134,162-172-8085,mcapinf0@123-reg.co.uk,7/15/2021,false
542,Research & Development,Cecil Haggart,Dollar,204,9th Floor,235-118-6924,chaggartf1@smugmug.com,4/10/2022,true
543,IT,Marjy Mew,Rupiah,245,12th Floor,833-135-2686,mmewf2@businessinsider.com,8/5/2018,false
544,Research & Development,Svend Colgan,Rupiah,150,Suite 15,660-713-4706,scolganf3@wsj.com,2/15/2013,true
545,Customer Service,Tim Greated,Krona,133,PO Box 2665,634-669-3801,tgreatedf4@admin.ch,1/24/2017,true
546,Sales,Tyne Gemson,Shilling,374,15th Floor,213-652-8229,tgemsonf5@e-recht24.de,4/28/2013,false
547,Marketing,Jade Hagan,Ruble,435,Suite 92,951-851-8571,jhaganf6@twitter.com,1/2/2017,true
548,HR,Emelen Jerromes,Zloty,292,PO Box 10202,980-232-9955,ejerromesf7@bloglines.com,12/30/2017,false
549,Marketing,Celka Dabbs,Ruble,70,Room 1912,237-496-8435,cdabbsf8@woothemes.com,10/22/2016,false
550,Legal,Bryn Goodbairn,Rupiah,278,Room 423,326-657-5808,bgoodbairnf9@wix.com,5/6/2012,true
551,HR,Blisse Corr,Yuan Renminbi,389,Room 835,874-467-5161,bcorrfa@vimeo.com,4/24/2012,false
552,Operations,Tammie Brotherwood,Euro,352,PO Box 73020,296-755-3174,tbrotherwoodfb@nih.gov,10/5/2022,true
553,Operations,Jolee Lucey,Yuan Renminbi,185,PO Box 22832,902-493-3679,jluceyfc@privacy.gov.au,8/15/2020,false
554,Finance,Lena Izatson,Real,321,Room 1620,142-666-1222,lizatsonfd@ucoz.ru,8/20/2012,false
555,Marketing,Harrie Pomroy,Peso,267,Room 11,586-695-0877,hpomroyfe@lulu.com,10/13/2020,false
556,HR,Artie Stringer,Yen,452,PO Box 81315,944-608-9696,astringerff@psu.edu,6/28/2020,false
557,Sales,Aurilia Fleote,Rupee,418,Suite 38,116-876-2810,afleotefg@rakuten.co.jp,9/24/2021,true
558,IT,Reuben O'Carran,Lari,138,PO Box 17976,185-175-8847,rocarranfh@toplist.cz,3/9/2019,false
559,Research & Development,Killy Bramer,Yen,299,Suite 32,750-821-5704,kbramerfi@cbsnews.com,11/2/2020,false
560,HR,Bronson Zoane,Krone,496,PO Box 12457,128-944-8432,bzoanefj@cbc.ca,9/25/2010,true
561,HR,Luigi Lauchlan,Franc,130,PO Box 29166,976-413-6191,llauchlanfk@sun.com,5/26/2022,true
562,Customer Service,Fons Sherborne,Ruble,15,Apt 485,591-954-5115,fsherbornefl@google.de,6/15/2017,false
563,IT,Giffy Isaaksohn,Yuan Renminbi,240,PO Box 37344,554-795-9495,gisaaksohnfm@marketwatch.com,1/15/2010,false
564,HR,Lucinda Sargeaunt,Euro,475,Suite 63,917-937-8020,lsargeauntfn@odnoklassniki.ru,4/28/2014,true
565,Operations,Anita Gabbetis,Euro,262,Apt 405,465-313-7745,agabbetisfo@xing.com,11/14/2016,true
566,Marketing,Blanch Sworder,Sol,135,Apt 382,930-972-1661,bsworderfp@ted.com,11/7/2022,false
567,Research & Development,Manny Beavon,Ariary,459,4th Floor,846-444-2222,mbeavonfq@rakuten.co.jp,5/5/2015,false
568,HR,Cassie Episcopio,Koruna,461,4th Floor,761-655-8341,cepiscopiofr@comsenz.com,9/15/2011,true
569,Marketing,Edee Cronshaw,Krona,330,Suite 19,136-314-5516,ecronshawfs@vkontakte.ru,11/27/2011,false
570,Operations,Van Vynoll,Zloty,379,PO Box 5664,535-190-3162,vvynollft@cbsnews.com,8/26/2014,true
571,Operations,Omar Van Cassel,Dollar,320,17th Floor,318-291-1257,ovanfu@si.edu,9/17/2019,true
572,Research & Development,Stacey MacIver,Krona,362,16th Floor,537-713-8633,smaciverfv@virginia.edu,10/7/2020,true
573,Sales,Marc Izard,Euro,453,PO Box 29371,874-613-4277,mizardfw@nature.com,1/1/2020,false
574,Customer Service,Merrilee Sleightholme,Dinar,205,PO Box 14325,699-169-3316,msleightholmefx@unblog.fr,1/31/2011,false
575,Sales,Opaline Adkin,Peso,440,Room 729,390-798-7282,oadkinfy@slashdot.org,11/6/2012,false
576,Sales,Belia Barritt,Yen,489,PO Box 35939,881-181-8692,bbarrittfz@webs.com,6/17/2013,false
577,Customer Service,Gale Hartin,Dollar,171,Apt 376,210-200-3429,gharting0@gov.uk,5/17/2015,true
578,Customer Service,Heinrick Boddy,Euro,293,Suite 63,919-208-5371,hboddyg1@odnoklassniki.ru,2/4/2011,false
579,Sales,Oralia Yankin,Dram,460,Suite 54,544-407-4100,oyanking2@narod.ru,10/13/2018,true
580,Customer Service,Dreddy Dobbin,Yuan Renminbi,310,Apt 806,901-271-4854,ddobbing3@mysql.com,8/23/2012,true
581,IT,Danie Allden,Rupiah,281,18th Floor,356-671-2564,dalldeng4@pcworld.com,1/23/2010,true
582,Legal,Bren Shooter,Yen,291,Room 1619,610-624-0238,bshooterg5@tripod.com,2/20/2021,false
583,Customer Service,Umberto Idiens,Ruble,132,Room 916,829-118-8956,uidiensg6@usda.gov,8/8/2018,false
584,IT,Burnaby Longfield,Kuna,499,Apt 1934,756-802-8844,blongfieldg7@miibeian.gov.cn,11/25/2021,false
585,Finance,Ara Canto,Real,439,Room 886,386-648-0841,acantog8@cornell.edu,9/22/2019,true
586,HR,Waylin Iliffe,Euro,55,Suite 95,288-773-9957,wiliffeg9@home.pl,7/16/2022,true
587,IT,Jerrold Burchall,Euro,381,PO Box 37622,443-192-2712,jburchallga@hatena.ne.jp,3/14/2015,false
588,Legal,Yuma Whelpton,Ringgit,418,PO Box 45101,912-814-9339,ywhelptongb@ow.ly,9/17/2011,true
589,Operations,Randene Klas,Rupiah,270,Apt 1782,791-420-8954,rklasgc@stanford.edu,2/11/2016,false
590,Customer Service,Orlan Franca,Euro,172,Apt 1930,518-648-2152,ofrancagd@miitbeian.gov.cn,3/16/2010,false
591,Sales,Sula Gever,Naira,487,Room 1621,389-465-9570,sgeverge@oaic.gov.au,11/1/2010,false
592,HR,Caitlin Jaquemar,Dollar,486,Suite 63,602-186-8271,cjaquemargf@mtv.com,4/5/2012,true
593,IT,Demetris Dyton,Zloty,45,Room 569,790-808-6542,ddytongg@independent.co.uk,3/26/2022,true
594,Research & Development,Tedda Prop,Peso,402,9th Floor,351-275-9912,tpropgh@livejournal.com,5/15/2022,false
595,Research & Development,Joseph Foakes,Dollar,285,20th Floor,540-300-6651,jfoakesgi@nationalgeographic.com,8/6/2020,true
596,Sales,Oby Berfoot,Yuan Renminbi,29,Suite 14,906-906-0211,oberfootgj@t-online.de,6/28/2010,false
597,Customer Service,Donny Eary,Rial,69,Room 1111,106-296-0518,dearygk@weebly.com,7/31/2016,false
598,Sales,Dollie Lecount,Peso,188,Room 538,870-257-6729,dlecountgl@howstuffworks.com,4/13/2022,true
599,Customer Service,Shaina Bolderson,Euro,396,PO Box 44232,555-463-8149,sboldersongm@wikispaces.com,2/5/2012,true
600,Finance,Germaine Shorte,Tugrik,159,PO Box 79011,675-928-2982,gshortegn@google.nl,6/19/2015,true
601,Operations,Mufi Goodered,Yuan Renminbi,411,PO Box 20922,673-819-9565,mgooderedgo@wordpress.com,4/14/2021,false
602,Finance,Rossie Dinkin,Euro,19,PO Box 24735,853-302-9970,rdinkingp@unicef.org,1/9/2022,false
603,Marketing,Ruperto Drane,Rupiah,244,Apt 1093,925-896-8314,rdranegq@nsw.gov.au,9/3/2013,true
604,Sales,Celestina Lally,Yuan Renminbi,231,4th Floor,485-477-8216,clallygr@oaic.gov.au,1/3/2020,true
605,Legal,Gary Coathup,Koruna,83,Suite 1,184-139-2997,gcoathupgs@prweb.com,9/27/2013,false
606,Finance,Marylynne Lockyer,Hryvnia,407,Apt 337,716-671-7952,mlockyergt@rakuten.co.jp,11/13/2020,false
607,Sales,Cesaro Chasney,Dollar,102,Room 537,213-648-2055,cchasneygu@t-online.de,2/6/2013,false
608,Research & Development,Tiffani Winson,Peso,163,Suite 74,870-617-0280,twinsongv@constantcontact.com,6/5/2014,true
609,Finance,Debi Heinrici,Rupiah,91,Room 1394,196-332-4894,dheinricigw@sciencedirect.com,12/30/2021,true
610,Finance,Lombard Jados,Euro,224,Suite 74,858-313-4051,ljadosgx@163.com,10/4/2013,true
611,Operations,Man MacCathay,Cordoba,77,Room 1246,194-539-7388,mmaccathaygy@toplist.cz,7/12/2011,true
612,Finance,Ryan Smails,Koruna,186,Apt 405,952-168-1657,rsmailsgz@skyrock.com,4/24/2019,true
613,Finance,Marabel Amburgy,Ruble,346,Suite 76,554-731-9214,mamburgyh0@biblegateway.com,8/11/2021,false
614,Marketing,Pia Oxenbury,Rupiah,78,PO Box 75742,727-507-1449,poxenburyh1@wisc.edu,6/14/2020,false
615,HR,Rich Hynes,Naira,385,Apt 186,324-807-8565,rhynesh2@altervista.org,3/8/2016,false
616,HR,Lina Corkhill,Peso,189,PO Box 13571,942-903-4767,lcorkhillh3@ovh.net,2/17/2013,false
617,Legal,Maurizia Ibbott,Peso,227,20th Floor,348-417-7869,mibbotth4@marriott.com,2/20/2017,true
618,Sales,Desi Skermer,Dinar,477,Suite 44,788-176-5343,dskermerh5@typepad.com,4/18/2011,true
619,Customer Service,Sheppard Shalliker,Yuan Renminbi,404,Room 1983,769-568-6550,sshallikerh6@skyrock.com,2/1/2012,false
620,IT,Parsifal Colman,Rupee,157,Suite 89,653-497-5194,pcolmanh7@seattletimes.com,4/25/2020,true
621,IT,Quill Rankmore,Rupiah,345,Room 1946,713-585-6015,qrankmoreh8@imdb.com,10/26/2018,false
622,Marketing,Donielle O'Doireidh,Rupiah,460,Apt 1340,952-868-5528,dodoireidhh9@bloomberg.com,10/22/2021,true
623,Customer Service,Alvira Mulvenna,Peso,175,PO Box 35820,997-346-6775,amulvennaha@un.org,4/27/2017,false
624,Finance,Milli Karus,Yuan Renminbi,46,Apt 1938,382-333-0217,mkarushb@ocn.ne.jp,8/18/2010,true
625,Finance,Tanhya Minocchi,Peso,414,PO Box 89628,111-735-0682,tminocchihc@walmart.com,10/22/2016,false
626,Finance,Kale Ellington,Rupiah,486,Room 747,950-600-9619,kellingtonhd@jugem.jp,2/10/2019,true
627,Customer Service,Otis Langtree,Franc,187,Room 844,406-378-0313,olangtreehe@fc2.com,9/2/2012,false
628,Customer Service,Gino O'Hartigan,Dollar,205,17th Floor,554-831-0247,gohartiganhf@mit.edu,2/26/2020,true
629,IT,Marya Sangster,Real,265,3rd Floor,216-969-3070,msangsterhg@unblog.fr,7/22/2010,true
630,Legal,Winny Hebbard,Rupiah,31,PO Box 72488,871-811-8288,whebbardhh@latimes.com,8/3/2018,true
631,HR,Elane Gregor,Real,410,Suite 8,274-596-9617,egregorhi@histats.com,4/16/2012,false
632,HR,Louie Rigbye,Dinar,246,Suite 32,620-220-7053,lrigbyehj@blogspot.com,11/6/2015,true
633,Finance,Demetria Steere,Baht,310,Room 166,174-448-6233,dsteerehk@gizmodo.com,6/3/2019,true
634,Customer Service,Ora Tuckey,Yuan Renminbi,271,PO Box 88511,940-712-1062,otuckeyhl@flickr.com,10/15/2013,true
635,Operations,Octavia Shawel,Franc,30,Suite 70,720-336-5806,oshawelhm@craigslist.org,4/23/2011,false
636,Finance,Benedetta Bau,Peso,139,18th Floor,234-591-3324,bbauhn@economist.com,3/4/2017,true
637,Operations,Artur Thorneley,Dollar,121,Apt 58,704-553-0803,athorneleyho@narod.ru,4/2/2019,true
638,Research & Development,Brewster Bere,Yuan Renminbi,117,Room 244,865-504-8257,bberehp@virginia.edu,5/19/2015,true
639,Finance,Felicity Willetts,Yuan Renminbi,101,Room 1044,612-554-6582,fwillettshq@nbcnews.com,3/19/2014,true
640,Customer Service,Angele Bater,Yuan Renminbi,266,Room 1492,671-637-6612,abaterhr@example.com,2/5/2011,true
641,Research & Development,Xylina Guile,Yuan Renminbi,57,Suite 76,879-733-9621,xguilehs@php.net,10/23/2010,false
642,Marketing,Britta Fullerton,Dollar,439,PO Box 44689,463-265-9271,bfullertonht@tamu.edu,11/13/2016,true
643,Sales,Brien Waleworke,Yuan Renminbi,79,Apt 324,203-950-2217,bwaleworkehu@reverbnation.com,2/28/2017,true
644,Finance,Lianna Rodden,Ruble,318,Suite 30,857-998-6302,lroddenhv@dot.gov,6/10/2013,true
645,Finance,Amelie Lezemere,Yuan Renminbi,63,Apt 516,267-875-3260,alezemerehw@ebay.co.uk,1/8/2011,false
646,Sales,Doyle Child,Litas,246,Apt 263,610-577-1951,dchildhx@harvard.edu,8/31/2020,true
647,Marketing,Vania Kildahl,Yuan Renminbi,53,11th Floor,109-324-3554,vkildahlhy@liveinternet.ru,7/19/2015,false
648,Customer Service,Johnnie Andreev,Som,24,Room 764,907-470-1367,jandreevhz@tinypic.com,12/13/2013,false
649,Marketing,Nicola Bonnesen,Baht,255,Room 15,234-504-3022,nbonneseni0@slate.com,1/16/2019,true
650,Operations,Dewey Linklater,Shekel,474,Apt 1114,730-784-0375,dlinklateri1@amazon.com,11/28/2014,false
651,Customer Service,Kimbell Kimbell,Yuan Renminbi,303,10th Floor,692-751-1196,kkimbelli2@youtu.be,4/9/2010,false
652,Research & Development,Sadie McMurraya,Rupiah,230,Room 1958,960-750-5924,smcmurrayai3@apple.com,9/11/2011,false
653,Legal,Waverly Jochanany,Peso,300,PO Box 93486,254-110-3465,wjochananyi4@prweb.com,6/21/2015,false
654,Research & Development,Janek Jeandel,Dollar,225,16th Floor,775-748-1375,jjeandeli5@jigsy.com,5/10/2018,true
655,Operations,Hermann Pietruszka,Peso,375,5th Floor,710-410-8100,hpietruszkai6@booking.com,7/30/2017,false
656,Sales,Farrell Metzig,Yuan Renminbi,183,1st Floor,789-512-8906,fmetzigi7@eepurl.com,10/19/2011,false
657,Legal,Ali Mallan,Hryvnia,375,Suite 8,335-361-1348,amallani8@prnewswire.com,12/14/2011,false
658,HR,Felic Gavaran,Yuan Renminbi,356,Room 1262,268-784-9386,fgavarani9@princeton.edu,1/11/2012,false
659,Research & Development,Charmian Lambourne,Ruble,117,16th Floor,471-467-2395,clambourneia@hostgator.com,3/23/2010,true
660,HR,Vernen Hawlgarth,Dong,364,PO Box 51949,487-524-3979,vhawlgarthib@discovery.com,11/5/2021,false
661,Finance,Elwira Folkard,Euro,122,15th Floor,161-900-5427,efolkardic@netvibes.com,6/5/2014,true
662,HR,Danya Isenor,Peso,182,Room 1710,592-365-5192,disenorid@fastcompany.com,9/28/2020,true
663,Finance,Thor Goullee,Yuan Renminbi,103,Apt 365,903-273-6694,tgoulleeie@spiegel.de,10/22/2012,true
664,Operations,Livvie Mouth,Rial,300,Room 1047,375-497-1994,lmouthif@timesonline.co.uk,3/16/2014,false
665,Legal,Deirdre McCorkell,Euro,63,20th Floor,146-935-2724,dmccorkellig@dropbox.com,12/2/2011,false
666,HR,Hogan Whitewood,Yen,474,PO Box 87014,295-181-0897,hwhitewoodih@angelfire.com,7/20/2010,true
667,Marketing,Jasmin Lush,Yuan Renminbi,95,Apt 1599,540-836-5558,jlushii@redcross.org,5/9/2015,true
668,Sales,Cob Breach,Yen,253,PO Box 32859,791-642-7453,cbreachij@apple.com,10/18/2019,false
669,Legal,Berry Fretwell,Yuan Renminbi,281,Apt 1383,613-212-7790,bfretwellik@arizona.edu,5/30/2021,false
670,IT,Rolando Venton,Euro,482,PO Box 89238,439-576-6663,rventonil@qq.com,11/11/2011,true
671,HR,Maisie Strafen,Rand,56,Apt 1841,331-839-6967,mstrafenim@si.edu,6/19/2018,false
672,Research & Development,Christi Camplejohn,Yuan Renminbi,152,Room 626,538-502-0298,ccamplejohnin@chronoengine.com,6/6/2013,true
673,IT,Elise Thompkins,Yuan Renminbi,82,Room 535,536-498-1582,ethompkinsio@t-online.de,2/10/2021,true
674,Finance,Hilton Terzo,Yuan Renminbi,104,Suite 65,616-573-6161,hterzoip@census.gov,8/29/2019,false
675,Finance,Margaux Riseam,Dollar,327,Suite 82,311-680-0278,mriseamiq@clickbank.net,2/12/2011,true
676,HR,Brand Davidy,Yuan Renminbi,191,Suite 56,495-590-9251,bdavidyir@photobucket.com,5/9/2021,true
677,Legal,Amil Bancroft,Euro,175,Apt 1134,277-548-7694,abancroftis@soup.io,6/19/2014,false
678,Finance,Davie Olivie,Zloty,247,2nd Floor,620-663-4417,dolivieit@t.co,3/26/2015,true
679,Customer Service,Rowney Bawden,Ruble,149,Apt 617,783-538-2409,rbawdeniu@abc.net.au,9/11/2019,false
680,Research & Development,Roxy Stanhope,Yuan Renminbi,413,Apt 715,280-671-8828,rstanhopeiv@yelp.com,10/10/2014,false
681,Marketing,Donna Schurig,Franc,193,11th Floor,340-770-1829,dschurigiw@sfgate.com,3/7/2022,true
682,Legal,Leeann Finlow,Euro,182,6th Floor,987-662-5626,lfinlowix@ox.ac.uk,9/10/2016,false
683,Sales,Thurston Tesche,Yuan Renminbi,152,PO Box 56949,850-332-6232,ttescheiy@sciencedirect.com,4/13/2011,true
684,Marketing,Mariya Gillibrand,Krona,143,PO Box 52999,580-330-1051,mgillibrandiz@creativecommons.org,8/16/2022,true
685,Research & Development,Christoper Matiewe,Baht,75,Apt 235,795-264-3150,cmatiewej0@tiny.cc,9/14/2019,true
686,Sales,Lyndell Danilishin,Som,154,Apt 998,815-809-7390,ldanilishinj1@alibaba.com,6/11/2022,false
687,Marketing,Tera Klimschak,Euro,59,PO Box 28534,566-960-1042,tklimschakj2@ameblo.jp,2/11/2013,true
688,Sales,Sadie McAw,Yuan Renminbi,160,Apt 66,521-386-4957,smcawj3@addtoany.com,10/3/2014,true
689,Marketing,Rea Swanston,Dollar,129,Apt 480,165-670-1502,rswanstonj4@pbs.org,3/4/2022,true
690,Customer Service,Dominic Hobbing,Euro,243,Apt 1112,284-782-8435,dhobbingj5@sphinn.com,11/26/2014,true
691,Operations,Doralia Pedrick,Euro,143,Room 1151,757-921-8420,dpedrickj6@adobe.com,6/5/2011,false
692,HR,Margo Armfield,Yuan Renminbi,17,Room 1086,754-129-3199,marmfieldj7@ustream.tv,10/14/2020,false
693,Customer Service,Amelita Shilliday,Peso,357,12th Floor,724-354-5749,ashillidayj8@howstuffworks.com,5/25/2015,true
694,Marketing,Claudia Degli Antoni,Krone,423,Suite 66,452-850-7638,cdeglij9@macromedia.com,5/12/2020,true
695,Marketing,Tybalt Guntrip,Yuan Renminbi,395,Apt 1981,279-753-7643,tguntripja@princeton.edu,3/6/2012,false
696,Legal,Demetrius Yven,Zloty,141,19th Floor,145-401-9686,dyvenjb@bravesites.com,1/2/2017,true
697,Operations,Tomas Arthur,Peso,113,Apt 1621,866-502-9780,tarthurjc@dailymotion.com,8/21/2017,false
698,Legal,Feliza Herrema,Yuan Renminbi,82,Apt 421,945-207-4601,fherremajd@nhs.uk,12/27/2015,true
699,Finance,Roseanna Zecchi,Baht,297,Apt 1295,278-758-5206,rzecchije@printfriendly.com,3/22/2019,true
700,HR,Priscella Steutly,Naira,13,2nd Floor,467-243-1966,psteutlyjf@admin.ch,10/2/2022,true
701,IT,Rogerio Fontanet,Franc,378,Apt 165,993-148-3977,rfontanetjg@deliciousdays.com,11/14/2016,false
702,Legal,Morgana Brewster,Hryvnia,119,Room 501,147-777-1409,mbrewsterjh@ameblo.jp,11/10/2021,true
703,Research & Development,Briana Bradder,Peso,375,PO Box 58523,172-467-9066,bbradderji@github.com,11/16/2011,false
704,Marketing,Kathryn Ollivierre,Real,362,Room 484,829-267-7048,kollivierrejj@techcrunch.com,2/12/2012,true
705,Sales,Fulvia Kirrens,Yuan Renminbi,311,Apt 1924,910-478-4469,fkirrensjk@twitpic.com,7/20/2017,false
706,Operations,Sandro Bruck,Yen,472,PO Box 31122,603-387-2406,sbruckjl@123-reg.co.uk,9/17/2022,true
707,Sales,Valentine Crouse,Zloty,287,Apt 1080,852-986-2370,vcrousejm@patch.com,7/13/2016,false
708,Marketing,Jody Legon,Euro,168,Room 445,957-784-8983,jlegonjn@independent.co.uk,2/23/2010,true
709,HR,Isaiah Berth,Yuan Renminbi,311,PO Box 91295,732-886-1638,iberthjo@virginia.edu,10/29/2021,true
710,Finance,Kelsey Conew,Rupiah,453,Suite 63,879-476-3658,kconewjp@bing.com,8/14/2022,true
711,Research & Development,Susanna Kinnier,Krona,57,12th Floor,906-883-5308,skinnierjq@php.net,10/4/2019,true
712,Legal,Saba Nani,Rupiah,356,6th Floor,631-784-8875,snanijr@spotify.com,8/30/2020,false
713,Research & Development,Lou Rouby,Franc,68,Suite 27,560-700-6102,lroubyjs@marriott.com,5/1/2012,true
714,Research & Development,Garrek Rowbottam,Ruble,439,15th Floor,163-373-7687,growbottamjt@pbs.org,5/18/2017,true
715,Legal,Lazare Breslau,Yuan Renminbi,157,1st Floor,181-566-2612,lbreslauju@tinyurl.com,12/4/2022,false
716,Research & Development,Lannie Reimers,Yuan Renminbi,123,Suite 41,560-348-4787,lreimersjv@google.ru,5/3/2018,true
717,IT,Thaine Cruess,Yuan Renminbi,486,PO Box 56705,150-224-9565,tcruessjw@chicagotribune.com,4/6/2014,true
718,Sales,Dorey Dinnis,Quetzal,102,PO Box 84311,399-818-7290,ddinnisjx@last.fm,2/3/2010,true
719,Marketing,Aileen McDonnell,Sol,391,PO Box 40538,367-305-4055,amcdonnelljy@opera.com,6/14/2015,false
720,Marketing,Salomone Kinvan,Ruble,103,Suite 31,522-853-9080,skinvanjz@simplemachines.org,1/2/2016,true
721,Finance,Paule Ibert,Yuan Renminbi,246,Apt 1852,574-253-8540,pibertk0@columbia.edu,11/9/2013,false
722,Customer Service,Sheridan Turpie,Zloty,151,Room 1568,620-312-4205,sturpiek1@twitter.com,3/11/2014,true
723,HR,Salaidh Edge,Rupiah,380,PO Box 27672,149-445-6044,sedgek2@1688.com,3/28/2022,false
724,Customer Service,Kandace Waycott,Real,415,Apt 512,123-524-4844,kwaycottk3@histats.com,3/25/2014,true
725,Research & Development,Calv de Courcy,Euro,132,5th Floor,679-772-2598,cdek4@lycos.com,4/3/2011,false
726,Customer Service,Sancho Kirkness,Rupee,73,4th Floor,589-216-1283,skirknessk5@home.pl,2/6/2012,false
727,HR,Mordecai Niset,Real,341,Room 1248,425-258-7873,mnisetk6@uiuc.edu,4/3/2015,true
728,Marketing,Rriocard Micka,Krona,208,Suite 71,205-966-8910,rmickak7@rambler.ru,10/7/2012,true
729,Finance,Gray Droogan,Euro,251,PO Box 23840,824-840-1070,gdroogank8@cpanel.net,10/21/2022,false
730,HR,Colet Tremeer,Rial,98,PO Box 3905,888-260-0337,ctremeerk9@telegraph.co.uk,11/7/2022,false
731,IT,Frayda Callow,Euro,378,PO Box 22249,753-517-6229,fcallowka@ow.ly,10/2/2018,false
732,IT,Freeman Bewshaw,Real,13,Suite 23,281-695-1511,fbewshawkb@pagesperso-orange.fr,1/14/2012,true
733,Finance,Vincent Basilotta,Rupiah,341,Suite 93,318-714-4267,vbasilottakc@hud.gov,10/29/2018,true
734,Marketing,Jacklin Liger,Peso,442,Apt 1990,830-357-5091,jligerkd@google.co.uk,8/10/2017,false
735,Finance,Pierrette OIlier,Yuan Renminbi,352,19th Floor,845-462-5229,poilierke@sciencedirect.com,11/28/2013,true
736,Legal,Nikolas Angell,Cedi,43,Apt 261,137-144-0397,nangellkf@mapy.cz,10/10/2018,true
737,Marketing,Moreen Pedler,Rupiah,251,Apt 1809,208-246-3900,mpedlerkg@hostgator.com,7/23/2013,false
738,Sales,Billie Conningham,Krona,436,Suite 96,557-852-7054,bconninghamkh@cbc.ca,9/30/2021,true
739,Research & Development,Lizabeth MacVaugh,Franc,49,PO Box 65856,532-611-1576,lmacvaughki@nhs.uk,12/30/2010,false
740,Legal,Avrom Mumm,Rupiah,276,PO Box 12164,541-688-6468,amummkj@umich.edu,4/5/2019,false
741,Legal,Brady Darleston,Rupiah,133,7th Floor,859-598-3947,bdarlestonkk@ebay.co.uk,12/30/2016,false
742,Research & Development,Niki Simoneton,Yuan Renminbi,341,Apt 977,930-716-7096,nsimonetonkl@tmall.com,12/27/2020,false
743,HR,Helen-elizabeth Klimentyev,Rupiah,132,Suite 32,799-781-1336,hklimentyevkm@xing.com,5/10/2020,false
744,Sales,Binky Bonwell,Yen,209,PO Box 42272,860-988-8087,bbonwellkn@wiley.com,10/18/2017,false
745,HR,Aguie Hurley,Euro,488,Suite 75,434-891-1596,ahurleyko@tripod.com,8/13/2015,true
746,Marketing,Olympia Sherrell,Hryvnia,10,Apt 864,252-473-5356,osherrellkp@printfriendly.com,10/28/2014,false
747,Marketing,Matilda Grayston,Rupiah,117,Suite 86,553-349-3777,mgraystonkq@japanpost.jp,4/3/2021,true
748,Legal,Arny Mariet,Yen,242,PO Box 31323,859-370-9030,amarietkr@posterous.com,1/8/2012,true
749,IT,Jeff Bennellick,Zloty,371,Room 965,306-463-1082,jbennellickks@surveymonkey.com,12/9/2012,false
750,HR,Eyde Klammt,Ruble,364,2nd Floor,510-667-2951,eklammtkt@tripod.com,6/23/2010,false
751,Legal,Simonne Touson,Zloty,455,PO Box 27155,971-219-3502,stousonku@cpanel.net,2/11/2018,false
752,Sales,Ann Richardot,Rupiah,252,13th Floor,957-879-7543,arichardotkv@angelfire.com,5/18/2022,false
753,IT,Joann MacDonnell,Peso,363,Room 1119,436-373-6686,jmacdonnellkw@flavors.me,5/13/2012,true
754,Legal,Cyb Deaton,Ruble,47,Apt 546,789-823-0608,cdeatonkx@pbs.org,1/22/2013,false
755,Research & Development,Clerc Zecchetti,Rupiah,301,Room 707,585-765-3677,czecchettiky@smugmug.com,7/23/2011,false
756,Legal,Rycca Lamb,Rial,13,Room 1052,408-452-0979,rlambkz@blinklist.com,4/30/2017,true
757,Customer Service,Kristal Wilne,Yen,161,Room 1595,352-580-3358,kwilnel0@bbb.org,4/29/2020,true
758,Finance,Erinna Coughtrey,Dram,326,Apt 777,288-122-4120,ecoughtreyl1@live.com,7/14/2015,false
759,Operations,Anny Clarae,Yuan Renminbi,87,PO Box 729,868-200-5542,aclarael2@cafepress.com,4/3/2014,true
760,HR,Jayson Wyant,Euro,63,16th Floor,220-778-1654,jwyantl3@ovh.net,2/11/2014,true
761,HR,Andrea Spellicy,Yuan Renminbi,146,Room 1691,371-246-4389,aspellicyl4@de.vu,11/21/2013,false
762,Marketing,Kalvin Hazeman,Yuan Renminbi,116,PO Box 18144,997-991-8744,khazemanl5@yale.edu,3/2/2020,true
763,Marketing,Northrop Simond,Yuan Renminbi,155,Apt 1178,418-333-0138,nsimondl6@gravatar.com,7/11/2012,false
764,Research & Development,Putnam Ansteys,Somoni,125,PO Box 59220,544-619-0762,pansteysl7@blog.com,8/30/2010,true
765,IT,Durand Mickan,Euro,389,16th Floor,660-963-8759,dmickanl8@biblegateway.com,2/20/2021,false
766,Marketing,Adelheid Klass,Dirham,272,Room 1742,740-497-8969,aklassl9@apple.com,12/23/2013,false
767,IT,Kasey Kindle,Real,162,16th Floor,538-850-4919,kkindlela@alibaba.com,2/8/2015,false
768,IT,Marshall Boerder,Rupiah,433,PO Box 82333,410-513-2266,mboerderlb@cisco.com,4/19/2016,false
769,Legal,Ephrem Maguire,Rupiah,201,Suite 39,979-639-1708,emaguirelc@sogou.com,4/1/2022,true
770,HR,Leroi Matelyunas,Rial,31,14th Floor,595-970-1070,lmatelyunasld@meetup.com,6/16/2019,true
771,Customer Service,Hammad Kinglesyd,Rupiah,437,2nd Floor,962-448-1610,hkinglesydle@mail.ru,2/24/2013,true
772,Operations,Travis Ajean,Real,102,Suite 7,989-998-5276,tajeanlf@ebay.co.uk,4/7/2014,true
773,Operations,Cirilo Crankshaw,Rupiah,126,2nd Floor,700-574-6986,ccrankshawlg@guardian.co.uk,2/24/2020,true
774,Sales,Cherise Arnatt,Yuan Renminbi,431,Suite 52,245-531-7513,carnattlh@weibo.com,7/1/2012,false
775,HR,Bobinette Wellings,Rupiah,14,Suite 1,539-854-4476,bwellingsli@over-blog.com,7/4/2022,false
776,Marketing,Esther Warry,Euro,332,PO Box 28922,493-497-9304,ewarrylj@g.co,12/27/2021,false
777,Customer Service,Brade Costelow,Rupee,343,Apt 850,571-108-3288,bcostelowlk@adobe.com,9/9/2019,true
778,HR,Griswold Ketteridge,Tenge,169,10th Floor,713-774-3989,gketteridgell@wikispaces.com,9/23/2015,false
779,IT,Linnet Cannings,Yuan Renminbi,474,PO Box 5049,548-213-3564,lcanningslm@goodreads.com,5/12/2019,false
780,Legal,Donal Lamburn,Dinar,138,Room 1800,761-587-3530,dlamburnln@digg.com,10/26/2021,false
781,Finance,Madeline Pisco,Yuan Renminbi,463,PO Box 22924,831-698-5837,mpiscolo@e-recht24.de,5/14/2014,true
782,Research & Development,Sheila-kathryn Moylan,Yuan Renminbi,346,PO Box 3654,776-989-9431,smoylanlp@usa.gov,5/28/2014,false
783,Sales,Cecile Hercules,Peso,364,Suite 38,975-809-4214,cherculeslq@friendfeed.com,6/1/2020,true
784,Sales,Dannie Caldero,Real,469,10th Floor,887-969-4533,dcalderolr@ucsd.edu,5/2/2018,true
785,Finance,Waylen Matthews,Lev,367,Apt 609,962-234-6152,wmatthewsls@fotki.com,5/30/2010,true
786,Marketing,Karel Vandrill,Koruna,161,PO Box 24141,290-687-6771,kvandrilllt@storify.com,6/26/2017,false
787,Sales,Silvia Muat,Ruble,447,5th Floor,832-232-8895,smuatlu@flickr.com,6/7/2010,true
788,Sales,Justen Moulder,Yuan Renminbi,306,16th Floor,575-834-2916,jmoulderlv@cafepress.com,1/17/2017,false
789,IT,Evangelia Creany,Ringgit,178,Room 1928,724-937-4420,ecreanylw@gmpg.org,5/19/2011,true
790,Sales,Gaspard Etridge,Yen,339,Room 1892,924-238-1045,getridgelx@uiuc.edu,3/20/2017,true
791,Research & Development,Kari McVaugh,Rupee,387,Apt 1774,755-476-3712,kmcvaughly@goo.ne.jp,1/19/2011,false
792,HR,Dilan Cuming,Hryvnia,404,PO Box 22164,515-331-5722,dcuminglz@creativecommons.org,9/1/2012,false
793,Operations,Aryn Humpherston,Yuan Renminbi,353,Suite 46,263-681-4545,ahumpherstonm0@is.gd,10/5/2010,false
794,Finance,Maridel Galle,Yuan Renminbi,169,Room 390,757-677-2451,mgallem1@soup.io,11/27/2017,true
795,Customer Service,Bab Brunt,Peso,366,Room 872,464-820-9488,bbruntm2@ezinearticles.com,4/26/2022,false
796,IT,Hilly Ibbitson,Yuan Renminbi,35,3rd Floor,311-320-8865,hibbitsonm3@weebly.com,12/10/2017,false
797,IT,Lynea Ivain,Marka,167,Room 1877,179-895-3936,livainm4@aboutads.info,3/13/2020,true
798,Operations,Allegra Covendon,Yuan Renminbi,359,PO Box 99164,902-965-7948,acovendonm5@chron.com,1/25/2020,false
799,Research & Development,Miller Rubinlicht,Ruble,104,Suite 11,313-586-1593,mrubinlichtm6@marriott.com,4/23/2021,true
800,Customer Service,Marianna Yanov,Real,384,Apt 403,364-788-5767,myanovm7@goo.ne.jp,9/8/2012,true
801,Sales,Morris Borland,Denar,195,Room 1535,404-661-5493,mborlandm8@disqus.com,3/19/2020,false
802,Research & Development,Derby Fouldes,Ruble,329,Suite 25,815-652-2311,dfouldesm9@bbc.co.uk,1/20/2018,false
803,Finance,Winifield Giorgeschi,Baht,209,Apt 632,190-690-3447,wgiorgeschima@noaa.gov,12/16/2018,true
804,IT,Etty Pattinson,Yuan Renminbi,69,Room 1042,234-404-5098,epattinsonmb@gizmodo.com,8/17/2012,false
805,Marketing,Celesta Woodthorpe,Yuan Renminbi,178,Apt 1922,431-647-1155,cwoodthorpemc@nifty.com,7/3/2020,true
806,IT,Gilbert Thring,Yuan Renminbi,431,17th Floor,535-780-0445,gthringmd@japanpost.jp,4/17/2018,false
807,HR,Grazia Beckhurst,Rupiah,103,Room 1278,275-726-3819,gbeckhurstme@nhs.uk,6/16/2012,true
808,HR,Zane O'Dowling,Real,462,PO Box 98653,541-814-2788,zodowlingmf@bing.com,12/15/2021,true
809,Operations,Corly McGroarty,Marka,427,3rd Floor,756-484-4095,cmcgroartymg@chron.com,4/23/2015,true
810,Customer Service,Susie Yesipov,Real,442,Suite 56,679-929-0120,syesipovmh@rambler.ru,10/3/2019,true
811,Marketing,Hynda Cullabine,Ruble,127,Room 1408,110-784-4692,hcullabinemi@mac.com,7/16/2018,true
812,Finance,Chantalle MacGragh,Rand,265,Apt 243,224-920-5551,cmacgraghmj@techcrunch.com,10/2/2022,true
813,Marketing,Abrahan Woolaghan,Euro,401,Apt 1031,312-467-8559,awoolaghanmk@ehow.com,8/14/2016,true
814,Legal,Lissie Lewnden,Afghani,238,PO Box 7568,260-955-0481,llewndenml@google.pl,11/11/2012,false
815,Sales,Eloisa Kaliszewski,Euro,231,Room 1196,927-511-7577,ekaliszewskimm@liveinternet.ru,7/14/2013,false
816,Customer Service,Riva Ruvel,Rupiah,242,Apt 952,445-239-3335,rruvelmn@statcounter.com,3/6/2022,false
817,Operations,Waring Tilliard,Euro,352,Room 387,736-864-6423,wtilliardmo@lycos.com,9/23/2018,true
818,Sales,Michelina Mary,Krona,240,Suite 49,759-836-9725,mmarymp@netvibes.com,2/3/2017,false
819,IT,Bernelle Sebring,Yuan Renminbi,412,18th Floor,871-157-5086,bsebringmq@nps.gov,2/4/2022,false
820,Sales,Norrie Mitie,Rupiah,170,Room 1557,621-490-8871,nmitiemr@csmonitor.com,4/14/2018,true
821,Sales,Joaquin Lintott,Peso,239,Apt 402,372-919-9050,jlintottms@wordpress.org,9/6/2018,true
822,Research & Development,Kristine McCarty,Krona,111,Suite 50,530-232-5555,kmccartymt@newyorker.com,6/12/2017,false
823,HR,Delores Yoakley,Yuan Renminbi,200,PO Box 68298,508-667-0348,dyoakleymu@boston.com,2/13/2011,true
824,Customer Service,Gabriell Humpherson,Real,130,Apt 1988,969-291-4195,ghumphersonmv@fotki.com,8/18/2010,true
825,Sales,Alexis Yushin,Euro,446,10th Floor,809-599-1523,ayushinmw@jigsy.com,10/18/2016,true
826,Legal,Joell Lattimore,Euro,237,11th Floor,404-557-9609,jlattimoremx@gov.uk,12/20/2014,true
827,Finance,Florette Blagden,Dong,117,PO Box 56234,235-848-2372,fblagdenmy@hubpages.com,6/23/2015,false
828,Legal,Vivi Biagi,Yuan Renminbi,335,PO Box 92688,317-828-7498,vbiagimz@youku.com,12/5/2022,true
829,Operations,Lorette Koschke,Peso,253,Room 464,286-143-8813,lkoschken0@joomla.org,11/7/2014,true
830,Operations,Arnie Sears,Colon,243,Suite 99,826-652-9060,asearsn1@howstuffworks.com,12/27/2015,true
831,Marketing,Pen Gudyer,Ruble,348,Apt 375,465-250-8506,pgudyern2@hhs.gov,3/3/2013,true
832,Legal,Perren Nickols,Rupiah,70,PO Box 57248,440-770-3184,pnickolsn3@theatlantic.com,1/28/2012,true
833,HR,Harwell Leap,Yuan Renminbi,475,14th Floor,727-442-8619,hleapn4@cbslocal.com,2/17/2015,true
834,HR,Alvie Pratten,Naira,321,Suite 83,463-851-2601,aprattenn5@posterous.com,12/26/2010,false
835,Sales,Mylo Birkhead,Kip,166,Apt 869,419-349-2963,mbirkheadn6@miitbeian.gov.cn,4/2/2017,false
836,Customer Service,Dalton Bricknell,Shekel,251,Room 1584,401-580-3066,dbricknelln7@berkeley.edu,9/24/2012,false
837,Legal,Artair Tongue,Peso,481,Apt 1052,576-895-9850,atonguen8@tinyurl.com,8/3/2018,true
838,HR,Lockwood McCardle,Ruble,48,Apt 6,113-114-7283,lmccardlen9@technorati.com,5/29/2015,false
839,IT,Jeniffer Dmiterko,Hryvnia,141,Apt 120,674-503-0986,jdmiterkona@upenn.edu,1/2/2014,true
840,Legal,Salome Abbotson,Koruna,306,PO Box 29154,266-272-5839,sabbotsonnb@howstuffworks.com,1/7/2010,true
841,Finance,Alena Davidsen,Yuan Renminbi,441,PO Box 6982,937-637-5354,adavidsennc@berkeley.edu,3/18/2022,false
842,Legal,Sigfried Hobbert,Real,209,Room 147,242-897-4499,shobbertnd@photobucket.com,9/8/2016,true
843,Research & Development,Olivia Duchesne,Rupiah,41,Suite 26,754-590-1122,oduchesnene@csmonitor.com,3/25/2021,false
844,Legal,Ilene Eastes,Euro,305,PO Box 72789,754-958-0050,ieastesnf@slate.com,12/4/2014,false
845,Sales,Mirilla Poston,Yen,116,Room 632,738-699-6796,mpostonng@boston.com,11/13/2020,false
846,HR,Abbie Beau,Yuan Renminbi,84,Suite 68,905-853-0496,abeaunh@craigslist.org,2/26/2020,false
847,Operations,Merwin Pavitt,Yuan Renminbi,270,Suite 47,566-105-3652,mpavittni@hibu.com,6/12/2022,true
848,Research & Development,Irene Robbie,Kip,290,Suite 71,363-300-8291,irobbienj@europa.eu,6/15/2019,false
849,Operations,Olivette Jorin,Yuan Renminbi,393,Suite 5,360-741-4008,ojorinnk@yale.edu,12/15/2011,false
850,Operations,Jayme Hawson,Real,215,4th Floor,667-582-4177,jhawsonnl@domainmarket.com,1/24/2016,true
851,Research & Development,Cobbie Paffot,Dollar,488,Apt 622,627-919-2382,cpaffotnm@earthlink.net,10/4/2015,false
852,Marketing,Jacintha Kitchener,Rupiah,182,PO Box 75948,595-680-0807,jkitchenernn@booking.com,9/16/2021,false
853,Customer Service,Lenard Mash,Peso,114,Room 1626,250-205-0095,lmashno@jalbum.net,11/17/2019,false
854,IT,Maribelle Hariot,Balboa,477,Room 1192,190-225-8169,mhariotnp@blinklist.com,9/9/2014,true
855,Operations,Lucia Lowdeane,Yuan Renminbi,261,19th Floor,217-663-8237,llowdeanenq@bandcamp.com,10/21/2017,true
856,Research & Development,Maurise Kubat,Franc,33,Suite 60,544-238-8123,mkubatnr@japanpost.jp,3/1/2020,false
857,Sales,Vikky Worg,Zloty,457,Room 1771,625-786-2881,vworgns@pagesperso-orange.fr,11/27/2017,false
858,Customer Service,Cori Rabson,Yuan Renminbi,373,Room 921,817-351-0190,crabsonnt@alibaba.com,6/5/2018,false
859,Legal,Salmon Joisce,Euro,445,Room 1356,189-667-5874,sjoiscenu@stanford.edu,7/13/2015,true
860,Marketing,Blondie Colthard,Peso,286,Apt 1654,788-522-2917,bcolthardnv@biblegateway.com,2/25/2018,true
861,Finance,Mariele Oakley,Yuan Renminbi,469,11th Floor,877-221-7360,moakleynw@japanpost.jp,8/4/2016,true
862,Finance,Whitman Folbige,Dong,169,Apt 1386,169-123-5971,wfolbigenx@example.com,5/16/2021,false
863,Sales,Jarrod Manilove,Kwacha,321,4th Floor,486-433-0586,jmaniloveny@aol.com,4/9/2019,true
864,HR,Marylee O'Connor,Franc,411,Apt 403,390-177-9564,moconnornz@umn.edu,7/12/2011,false
865,Legal,Rollins Lugton,Balboa,417,Apt 1943,178-885-4740,rlugtono0@google.it,5/11/2015,false
866,Legal,Concettina Copcott,Dollar,444,PO Box 70650,690-457-7070,ccopcotto1@tuttocitta.it,6/30/2020,false
867,Legal,Woodrow Redgrave,Ringgit,156,Room 492,954-779-6368,wredgraveo2@sfgate.com,4/23/2018,true
868,Operations,Cleon Robertsson,Rupiah,347,Suite 10,824-330-2129,crobertssono3@a8.net,2/10/2018,false
869,Sales,Gal Preon,Bolivar,181,Apt 1040,169-686-8588,gpreono4@dot.gov,9/22/2013,true
870,Marketing,Henrieta Parkhouse,Euro,86,PO Box 49130,989-458-9544,hparkhouseo5@earthlink.net,5/26/2014,false
871,Sales,Kameko Franscioni,Peso,179,Suite 79,170-511-1716,kfranscionio6@cbsnews.com,9/21/2011,true
872,HR,Aurea Byk,Peso,53,Apt 1788,410-199-6215,abyko7@parallels.com,5/13/2016,true
873,Marketing,Nye Shirtliff,Yuan Renminbi,102,Room 234,329-521-7653,nshirtliffo8@nyu.edu,5/31/2012,false
874,Research & Development,Siffre Wasiela,Afghani,21,Apt 456,450-802-6712,swasielao9@loc.gov,7/8/2016,false
875,IT,Fawnia Riddock,Euro,229,Apt 1773,312-598-6772,friddockoa@ebay.com,4/4/2015,true
876,Research & Development,Evan Schneider,Rupiah,161,Suite 20,627-445-7457,eschneiderob@ted.com,3/22/2020,false
877,Legal,Sofia Forde,Euro,132,Room 1406,372-986-4663,sfordeoc@npr.org,5/28/2017,true
878,Marketing,Malvin O'Heagertie,Rupiah,300,PO Box 12040,418-483-1205,moheagertieod@bloomberg.com,11/21/2013,true
879,IT,Chryste Marnane,Ariary,55,PO Box 69129,335-478-6818,cmarnaneoe@delicious.com,9/2/2019,false
880,HR,Rebe Canete,Yuan Renminbi,375,Room 1298,998-643-5298,rcaneteof@dion.ne.jp,7/3/2020,false
881,Research & Development,Moritz Corringham,Euro,301,Room 216,504-279-7030,mcorringhamog@army.mil,10/17/2015,true
882,Customer Service,Cinda Tredger,Won,410,16th Floor,148-559-8534,ctredgeroh@google.co.jp,1/13/2019,true
883,Sales,Kimball Bergeon,Ruble,450,Suite 98,180-982-0315,kbergeonoi@hud.gov,5/9/2010,true
884,Operations,Albertina Iamittii,Zloty,75,Suite 56,986-329-4064,aiamittiioj@seesaa.net,11/13/2019,true
885,Sales,Abbe Fradgley,Yuan Renminbi,384,Room 690,276-875-5819,afradgleyok@slashdot.org,6/29/2011,true
886,Marketing,Cassandry Fitchet,Rupiah,229,18th Floor,556-620-5667,cfitchetol@slideshare.net,11/27/2013,false
887,Customer Service,Randie Churm,Hryvnia,421,Room 161,478-754-3724,rchurmom@so-net.ne.jp,8/4/2012,true
888,Marketing,Pegeen Brocklesby,Baht,25,Room 898,477-853-6255,pbrocklesbyon@dell.com,3/2/2015,false
889,Customer Service,Lexi Fould,Dollar,308,10th Floor,676-330-9701,lfouldoo@constantcontact.com,6/6/2021,false
890,Legal,Miranda Tropman,Ruble,319,PO Box 87922,181-349-3709,mtropmanop@shinystat.com,7/3/2019,false
891,Marketing,Brien Pauncefoot,Zloty,133,Apt 398,259-493-7012,bpauncefootoq@dion.ne.jp,3/31/2012,true
892,Sales,Philly Finlay,Yuan Renminbi,483,Apt 494,801-603-0274,pfinlayor@hatena.ne.jp,7/10/2010,false
893,Marketing,Elnora Lancastle,Peso,123,Apt 6,817-720-1611,elancastleos@linkedin.com,5/5/2016,true
894,Sales,Nancie Mulhall,Real,323,Apt 283,832-894-6229,nmulhallot@biblegateway.com,4/13/2014,false
895,Legal,Carleen Antonucci,Ruble,114,PO Box 10230,569-762-3201,cantonucciou@taobao.com,10/13/2016,true
896,Finance,Lurline Proudman,Peso,500,PO Box 6210,982-588-5055,lproudmanov@apache.org,9/7/2020,false
897,HR,Cami Byard,Rufiyaa,416,PO Box 52567,531-180-4630,cbyardow@google.fr,1/29/2013,false
898,IT,Gae McGeechan,Rupiah,281,Suite 60,472-522-0875,gmcgeechanox@netvibes.com,8/22/2015,true
899,Customer Service,Granger Nardrup,Balboa,100,Suite 88,188-852-4475,gnardrupoy@webnode.com,8/22/2019,true
900,Marketing,Renard Gyppes,Yuan Renminbi,380,Apt 1985,404-923-6921,rgyppesoz@dion.ne.jp,2/27/2010,false
901,Marketing,Leonidas O' Cuolahan,Zloty,250,PO Box 39218,300-749-7484,lop0@marketwatch.com,2/8/2022,false
902,Marketing,Alexi Cawte,Yen,76,Apt 1514,156-268-7057,acawtep1@epa.gov,12/10/2017,false
903,Sales,Zia Caiger,Euro,97,Suite 26,245-661-3305,zcaigerp2@nih.gov,4/13/2021,false
904,IT,Daryl Hards,Real,447,Apt 682,454-595-5520,dhardsp3@de.vu,1/20/2014,true
905,Legal,Bail Matthiae,Dollar,197,Suite 25,384-288-2650,bmatthiaep4@geocities.com,7/25/2014,true
906,HR,Sully Hartwell,Ruble,403,Room 348,412-740-8243,shartwellp5@jimdo.com,1/1/2022,false
907,Operations,Selestina Lambirth,Koruna,367,Room 1213,899-915-2222,slambirthp6@nih.gov,11/14/2017,false
908,Customer Service,Joellyn Carden,Ruble,434,6th Floor,927-231-3248,jcardenp7@cdc.gov,3/24/2012,false
909,Research & Development,Nanny Arndell,Yuan Renminbi,77,PO Box 41727,657-438-6756,narndellp8@sciencedaily.com,4/24/2010,false
910,HR,Thurstan McSkin,Rupiah,294,Apt 1197,692-702-9582,tmcskinp9@sakura.ne.jp,2/20/2014,false
911,Research & Development,Marielle Nussgen,Krona,360,PO Box 89294,632-347-3488,mnussgenpa@booking.com,3/10/2012,false
912,Finance,Evaleen Shurville,Ruble,381,3rd Floor,287-480-2151,eshurvillepb@columbia.edu,12/6/2021,false
913,Legal,Hirsch Garment,Rupiah,177,8th Floor,154-506-0645,hgarmentpc@google.cn,6/20/2019,false
914,Finance,Deena Spataro,Baht,259,7th Floor,137-539-3180,dspataropd@mysql.com,3/23/2018,false
915,Research & Development,Cordy Chawner,Ruble,385,Room 1167,805-284-3121,cchawnerpe@independent.co.uk,4/29/2020,true
916,Research & Development,Morrie Louch,Naira,308,PO Box 47001,380-476-8034,mlouchpf@ucoz.com,9/26/2017,true
917,Finance,Jules Aubray,Yuan Renminbi,228,PO Box 37998,532-886-3766,jaubraypg@senate.gov,8/28/2022,false
918,HR,Veronica Duer,Yuan Renminbi,169,Suite 25,285-556-2688,vduerph@oracle.com,7/21/2021,true
919,Sales,Humbert Yong,Yuan Renminbi,214,Room 823,116-508-0258,hyongpi@barnesandnoble.com,4/8/2021,false
920,Marketing,Lucais Citrine,Euro,472,12th Floor,822-118-4691,lcitrinepj@seesaa.net,9/30/2017,true
921,Finance,Caroljean Silson,Yuan Renminbi,246,Apt 1739,740-957-5742,csilsonpk@baidu.com,2/7/2011,true
922,Research & Development,Charmine Longdon,Yen,44,3rd Floor,489-844-1776,clongdonpl@unesco.org,4/24/2013,true
923,Sales,Iolande Cracknall,Euro,74,Suite 62,671-948-4919,icracknallpm@fema.gov,8/17/2020,false
924,Legal,Berti Oblein,Yuan Renminbi,142,Suite 34,829-993-9963,bobleinpn@imageshack.us,1/18/2013,false
925,Sales,Yorker Donne,Kuna,448,11th Floor,622-944-9516,ydonnepo@webnode.com,10/5/2010,true
926,Finance,Brannon Fisbey,Dong,221,Suite 80,132-495-1181,bfisbeypp@newsvine.com,3/14/2014,false
927,Finance,Carlyn Gammet,Peso,333,PO Box 27500,246-211-9658,cgammetpq@nba.com,12/19/2019,false
928,HR,Elita Clemon,Ruble,302,Suite 67,523-979-5134,eclemonpr@t-online.de,1/23/2015,false
929,Legal,Lanna Ballantine,Peso,88,Suite 42,101-918-3421,lballantineps@google.cn,6/19/2021,true
930,Marketing,Phylys Shetliff,Rupiah,182,Suite 10,385-298-0385,pshetliffpt@yelp.com,9/24/2016,true
931,IT,Haze Kineton,Peso,441,Apt 902,148-497-2658,hkinetonpu@virginia.edu,7/2/2021,false
932,Marketing,Rolando Eller,Peso,430,Apt 1780,498-505-8769,rellerpv@google.cn,3/12/2020,true
933,Operations,Susie Dumberrill,Real,198,PO Box 56237,716-517-5767,sdumberrillpw@vistaprint.com,4/21/2021,true
934,IT,Carey Jewar,Kyat,99,PO Box 87383,804-870-5340,cjewarpx@scribd.com,2/26/2017,true
935,Customer Service,Bale Yellop,Koruna,239,Room 1842,533-474-3126,byelloppy@gravatar.com,1/11/2020,false
936,Sales,Elias Imlin,Real,191,Apt 25,133-833-6580,eimlinpz@topsy.com,5/21/2017,false
937,Research & Development,Chanda Gourley,Lek,266,Suite 14,607-405-2536,cgourleyq0@bing.com,7/23/2010,true
938,Operations,Brigid Oram,Yuan Renminbi,22,Room 145,746-266-3456,boramq1@state.gov,11/12/2020,true
939,Finance,Sybilla Peert,Dinar,224,Room 1833,849-580-3473,speertq2@pcworld.com,3/24/2015,true
940,Customer Service,Barbabra Elcombe,Dollar,209,Room 1568,423-697-7283,belcombeq3@freewebs.com,10/18/2013,false
941,Customer Service,Farlie Scrivenor,Real,465,Suite 22,836-490-6689,fscrivenorq4@soundcloud.com,3/20/2014,false
942,Operations,Neall Cesconi,Pound,379,Apt 24,251-373-3445,ncesconiq5@webnode.com,7/8/2018,true
943,Legal,Inger Whitewood,Baht,465,Room 1032,678-302-2786,iwhitewoodq6@blogtalkradio.com,3/16/2020,true
944,Legal,Malina Grinval,Dollar,448,Apt 1100,472-636-7013,mgrinvalq7@arizona.edu,2/6/2019,true
945,Sales,Kenny Canner,Yuan Renminbi,396,11th Floor,781-216-6676,kcannerq8@xrea.com,3/6/2022,true
946,Sales,Erny Milthorpe,Yen,170,PO Box 45489,677-892-7527,emilthorpeq9@amazon.co.uk,9/24/2010,true
947,Customer Service,Hale Givens,Rupiah,420,Room 1325,805-893-2657,hgivensqa@biblegateway.com,5/27/2020,false
948,Operations,Nancie Lamblin,Yuan Renminbi,167,PO Box 6247,437-617-4765,nlamblinqb@wix.com,6/24/2011,false
949,Finance,Julio Loveard,Dirham,126,Suite 11,516-480-3405,jloveardqc@amazon.de,12/16/2015,true
950,Legal,Cristie Brecher,Franc,324,PO Box 55495,232-111-2460,cbrecherqd@youtube.com,5/8/2019,false
951,HR,Luke Longmate,Koruna,195,1st Floor,272-307-4470,llongmateqe@printfriendly.com,12/16/2021,false
952,Research & Development,Marjory Von Oertzen,Euro,355,Apt 979,522-411-1860,mvonqf@answers.com,7/21/2017,false
953,Operations,Lurlene Wyborn,Euro,30,17th Floor,619-587-5715,lwybornqg@mozilla.com,8/18/2022,false
954,Finance,Laney Byforth,Yuan Renminbi,377,Suite 6,793-406-1249,lbyforthqh@livejournal.com,9/5/2017,true
955,Marketing,Jehu Gianolini,Euro,404,PO Box 98749,107-367-5359,jgianoliniqi@ezinearticles.com,5/6/2019,false
956,Marketing,Billie Flury,Yuan Renminbi,270,PO Box 27034,609-361-9624,bfluryqj@craigslist.org,8/14/2011,false
957,Marketing,Reed Dufore,Euro,380,PO Box 84996,255-785-5659,rduforeqk@example.com,8/2/2020,false
958,Research & Development,Iago Dowrey,Yuan Renminbi,459,Suite 60,464-122-6628,idowreyql@wix.com,2/18/2018,true
959,Customer Service,Mohammed Marval,Peso,48,PO Box 70843,114-263-3873,mmarvalqm@reddit.com,9/18/2011,true
960,Legal,Briggs Mack,Peso,17,8th Floor,570-677-6746,bmackqn@reddit.com,11/13/2018,false
961,Marketing,Thoma Jolliff,Rupiah,200,PO Box 31337,213-956-5114,tjolliffqo@cpanel.net,3/25/2021,false
962,IT,Frederik Arnatt,Baht,82,7th Floor,199-390-7556,farnattqp@rediff.com,12/26/2020,false
963,Marketing,Hugues Corday,Euro,186,Suite 67,780-866-0520,hcordayqq@sciencedirect.com,2/19/2014,false
964,Customer Service,Lavinia Grinnell,Dollar,169,12th Floor,192-380-6513,lgrinnellqr@google.de,4/2/2019,false
965,Operations,Lora Fanshaw,Zloty,289,17th Floor,790-108-6346,lfanshawqs@fc2.com,6/10/2018,true
966,Finance,Gallard Scopham,Yuan Renminbi,67,Suite 44,300-150-0476,gscophamqt@indiegogo.com,8/11/2018,false
967,Sales,Roman Jumel,Peso,101,PO Box 93839,417-436-4251,rjumelqu@yellowpages.com,4/16/2022,true
968,Operations,Fidelia Shenton,Dollar,462,Room 375,214-772-6106,fshentonqv@edublogs.org,6/16/2012,false
969,Finance,Demetris Dangerfield,Rupiah,111,10th Floor,599-259-0132,ddangerfieldqw@hao123.com,6/15/2012,true
970,Research & Development,Johnathan Philliskirk,Yen,109,Suite 4,452-365-0741,jphilliskirkqx@infoseek.co.jp,12/8/2018,false
971,Marketing,Wilfrid Boothe,Zloty,357,PO Box 65152,478-453-3939,wbootheqy@google.it,2/23/2022,true
972,Operations,Nicolina McLaughlan,Rupiah,164,Apt 1965,423-168-9900,nmclaughlanqz@sun.com,9/30/2019,false
973,IT,Christan Dumelow,Zloty,217,Apt 966,627-204-5225,cdumelowr0@mapy.cz,8/26/2022,false
974,Finance,Caitlin Gregon,Euro,168,PO Box 42042,857-611-0906,cgregonr1@fastcompany.com,5/23/2010,true
975,Finance,Violetta Lemmen,Dollar,199,Apt 458,793-403-8947,vlemmenr2@canalblog.com,1/9/2016,true
976,Marketing,Odelinda Staresmeare,Yuan Renminbi,131,Suite 71,840-605-6404,ostaresmearer3@prnewswire.com,7/29/2013,false
977,HR,Norby Lauxmann,Yuan Renminbi,389,Suite 23,294-114-8652,nlauxmannr4@nhs.uk,8/27/2021,false
978,Finance,Goddart Seers,Krona,292,Suite 100,633-139-3905,gseersr5@dropbox.com,4/27/2016,false
979,Operations,Loella Loverock,Koruna,30,Suite 31,923-762-6190,lloverockr6@google.com,5/29/2013,false
980,Sales,Delphinia Yetton,Shilling,377,Apt 571,947-100-8399,dyettonr7@pbs.org,3/10/2015,false
981,IT,Quincey Evason,Lempira,379,14th Floor,120-900-0093,qevasonr8@rakuten.co.jp,7/7/2014,true
982,Sales,Cobb Barneveld,Franc,187,Suite 2,612-563-4001,cbarneveldr9@ihg.com,2/15/2018,true
983,HR,Angil McKenzie,Rupiah,200,20th Floor,830-765-8417,amckenziera@oracle.com,9/17/2017,false
984,IT,Clem Areles,Sol,358,10th Floor,976-885-8294,carelesrb@gnu.org,6/21/2015,true
985,Finance,Addy Bilsborrow,Yuan Renminbi,341,PO Box 39047,416-202-6953,abilsborrowrc@spotify.com,5/29/2018,false
986,HR,Reuben Abadam,Hryvnia,209,Suite 12,524-107-8979,rabadamrd@army.mil,7/30/2015,true
987,HR,Dennie Biaggi,Euro,439,Suite 62,786-966-1910,dbiaggire@narod.ru,8/23/2021,true
988,Marketing,Morissa McKennan,Peso,174,19th Floor,619-551-8659,mmckennanrf@4shared.com,6/3/2010,true
989,Research & Development,Fabiano Heckner,Krone,93,Room 569,667-921-3803,fhecknerrg@europa.eu,10/24/2019,false
990,Research & Development,Haley Mutlow,Rupiah,305,PO Box 16774,125-569-5156,hmutlowrh@themeforest.net,11/13/2012,false
991,HR,Alano Piccard,Yuan Renminbi,191,Apt 1753,230-663-9646,apiccardri@hibu.com,8/11/2020,true
992,Research & Development,Christa Dillon,Euro,434,Apt 1458,783-894-3990,cdillonrj@sitemeter.com,11/15/2018,true
993,Marketing,Gwen Tutill,Yuan Renminbi,182,PO Box 98100,579-885-6142,gtutillrk@mashable.com,7/29/2013,true
994,Research & Development,Fidelity Banaszczyk,Yuan Renminbi,72,Apt 1777,633-216-2852,fbanaszczykrl@eventbrite.com,4/25/2014,false
995,Customer Service,Shannah Stodd,Yuan Renminbi,403,Suite 37,182-925-3750,sstoddrm@ucla.edu,12/25/2014,false
996,Research & Development,Ruthy Lowcock,Dollar,96,Apt 1847,846-248-1577,rlowcockrn@mashable.com,3/6/2018,true
997,Marketing,Kelci Brandel,Rupiah,129,PO Box 78483,212-374-9008,kbrandelro@fda.gov,6/7/2010,true
998,HR,Ashia MacPharlain,Franc,333,PO Box 74043,287-185-5306,amacpharlainrp@tripod.com,3/24/2012,true
999,Finance,Shawn Fassbindler,Euro,76,Suite 78,236-597-2051,sfassbindlerrq@prnewswire.com,1/23/2010,true
1000,Finance,Hedi Dupoy,Dollar,103,6th Floor,503-115-3575,hdupoyrr@google.it,6/21/2014,true
