employee_id,first_name,last_name,age,email,job_title,department,salary,hire_date,manager_id
1,Erek,Planque,25,eplanque0@posterous.com,Research Nurse,540,error: undefined method `id' for nil:NilClass,5/4/2018,1
2,Arleta,Ferson,47,aferson1@homestead.com,Chemical Engineer,403,error: undefined method `id' for nil:NilClass,7/19/2021,2
3,Nicolas,Bolzen,37,nbolzen2@delicious.com,Computer Systems Analyst IV,739,error: undefined method `id' for nil:NilClass,5/28/2011,3
4,Ardelia,Cullington,55,acullington3@foxnews.com,Research Associate,941,error: undefined method `id' for nil:NilClass,5/9/2018,4
5,Gwyneth,Scoggins,55,gscoggins4@deviantart.com,Quality Engineer,653,error: undefined method `id' for nil:NilClass,10/18/2014,5
6,Ralina,Pelling,57,rpelling5@imgur.com,Project Manager,683,error: undefined method `id' for nil:NilClass,5/11/2019,6
7,Grissel,Abbet,41,gabbet6@ucoz.com,Programmer Analyst II,771,error: undefined method `id' for nil:NilClass,1/19/2021,7
8,Norrie,Gierardi,36,ngierardi7@wsj.com,Staff Scientist,999,error: undefined method `id' for nil:NilClass,12/4/2019,8
9,Waverly,Leyzell,46,wleyzell8@webeden.co.uk,Civil Engineer,956,error: undefined method `id' for nil:NilClass,4/18/2021,9
10,Karrah,Reeday,21,kreeday9@t.co,Developer III,904,error: undefined method `id' for nil:NilClass,9/12/2020,10
11,Dunstan,Teasdale-Markie,18,dteasdalemarkiea@mashable.com,Civil Engineer,903,error: undefined method `id' for nil:NilClass,11/21/2020,11
12,Robin,Wharrier,57,rwharrierb@cmu.edu,Executive Secretary,204,error: undefined method `id' for nil:NilClass,4/25/2013,12
13,Had,Lamming,23,hlammingc@patch.com,Food Chemist,811,error: undefined method `id' for nil:NilClass,12/27/2012,13
14,Beverie,Roglieri,33,broglierid@dmoz.org,Clinical Specialist,522,error: undefined method `id' for nil:NilClass,5/5/2013,14
15,Augusta,Beckhouse,60,abeckhousee@miitbeian.gov.cn,Senior Quality Engineer,269,error: undefined method `id' for nil:NilClass,10/15/2010,15
16,Sergio,MacGiolla Pheadair,52,smacgiollapheadairf@baidu.com,Statistician I,806,error: undefined method `id' for nil:NilClass,9/5/2021,16
17,Briano,Glavin,32,bglaving@wordpress.com,Senior Quality Engineer,233,error: undefined method `id' for nil:NilClass,6/28/2010,17
18,Bertrand,Riediger,51,briedigerh@behance.net,VP Quality Control,416,error: undefined method `id' for nil:NilClass,6/23/2014,18
19,Jamie,Prichet,28,jpricheti@home.pl,Librarian,699,error: undefined method `id' for nil:NilClass,1/12/2011,19
20,Karol,Blaksland,60,kblakslandj@barnesandnoble.com,Budget/Accounting Analyst I,241,error: undefined method `id' for nil:NilClass,4/13/2016,20
21,Vanda,Jillions,44,vjillionsk@tmall.com,VP Sales,451,error: undefined method `id' for nil:NilClass,12/16/2011,21
22,Trudy,Ross,65,trossl@mozilla.com,Desktop Support Technician,588,error: undefined method `id' for nil:NilClass,6/9/2015,22
23,Frederica,Rotte,35,frottem@webnode.com,Food Chemist,653,error: undefined method `id' for nil:NilClass,9/11/2013,23
24,Edie,Alyukin,30,ealyukinn@cornell.edu,Chief Design Engineer,774,error: undefined method `id' for nil:NilClass,2/26/2019,24
25,Ophelie,Ledeker,41,oledekero@ihg.com,General Manager,94,error: undefined method `id' for nil:NilClass,11/27/2010,25
26,Jarrad,Elkin,34,jelkinp@fema.gov,Geological Engineer,943,error: undefined method `id' for nil:NilClass,12/21/2017,26
27,Tasha,Rayne,64,trayneq@domainmarket.com,Dental Hygienist,837,error: undefined method `id' for nil:NilClass,3/11/2011,27
28,Woodie,Reeve,35,wreever@deliciousdays.com,Editor,712,error: undefined method `id' for nil:NilClass,9/21/2010,28
29,Stevana,Kuzma,39,skuzmas@abc.net.au,VP Product Management,91,error: undefined method `id' for nil:NilClass,1/31/2021,29
30,Melany,McQueen,54,mmcqueent@yahoo.com,Automation Specialist IV,411,error: undefined method `id' for nil:NilClass,1/4/2015,30
31,Caroline,Shrive,23,cshriveu@yellowbook.com,Speech Pathologist,990,error: undefined method `id' for nil:NilClass,10/12/2013,31
32,Rosemary,Davie,36,rdaviev@yellowbook.com,Systems Administrator I,711,error: undefined method `id' for nil:NilClass,2/8/2015,32
33,Melanie,Cardenoza,31,mcardenozaw@youtu.be,Speech Pathologist,542,error: undefined method `id' for nil:NilClass,8/28/2011,33
34,Barron,Micheu,47,bmicheux@icq.com,Chief Design Engineer,493,error: undefined method `id' for nil:NilClass,4/24/2021,34
35,Lise,Winspare,56,lwinsparey@zimbio.com,Software Engineer II,597,error: undefined method `id' for nil:NilClass,1/19/2017,35
36,Beaufort,Bilsford,65,bbilsfordz@bizjournals.com,VP Quality Control,62,error: undefined method `id' for nil:NilClass,4/29/2013,36
37,Haley,Rossiter,47,hrossiter10@imageshack.us,Chief Design Engineer,906,error: undefined method `id' for nil:NilClass,4/15/2018,37
38,Durward,Bernardet,25,dbernardet11@bbc.co.uk,Director of Sales,868,error: undefined method `id' for nil:NilClass,5/19/2013,38
39,Hasheem,Maytom,18,hmaytom12@adobe.com,Community Outreach Specialist,446,error: undefined method `id' for nil:NilClass,4/29/2020,39
40,Fred,Riseam,65,friseam13@state.tx.us,Tax Accountant,784,error: undefined method `id' for nil:NilClass,2/3/2013,40
41,Lilly,Saice,57,lsaice14@dion.ne.jp,Product Engineer,937,error: undefined method `id' for nil:NilClass,10/20/2019,41
42,Bentley,Garoghan,35,bgaroghan15@usnews.com,Database Administrator III,846,error: undefined method `id' for nil:NilClass,4/2/2011,42
43,Goldia,Readmire,42,greadmire16@issuu.com,Research Assistant IV,494,error: undefined method `id' for nil:NilClass,8/3/2019,43
44,Vicki,Tofanelli,59,vtofanelli17@vimeo.com,Social Worker,956,error: undefined method `id' for nil:NilClass,1/9/2014,44
45,Annnora,Attac,27,aattac18@go.com,Food Chemist,110,error: undefined method `id' for nil:NilClass,7/1/2013,45
46,Tibold,Linstead,33,tlinstead19@scribd.com,Account Executive,417,error: undefined method `id' for nil:NilClass,4/13/2011,46
47,Hale,Bartosch,52,hbartosch1a@narod.ru,Senior Financial Analyst,107,error: undefined method `id' for nil:NilClass,4/23/2013,47
48,Harmon,Shilston,47,hshilston1b@bravesites.com,Accounting Assistant I,583,error: undefined method `id' for nil:NilClass,3/14/2020,48
49,Kalindi,Grishukov,62,kgrishukov1c@nifty.com,Database Administrator III,607,error: undefined method `id' for nil:NilClass,1/25/2021,49
50,Dennison,Lowen,22,dlowen1d@auda.org.au,Chief Design Engineer,990,error: undefined method `id' for nil:NilClass,6/27/2010,50
51,Alvie,Devonish,58,adevonish1e@scientificamerican.com,Electrical Engineer,864,error: undefined method `id' for nil:NilClass,8/9/2018,51
52,Chantalle,Greeno,28,cgreeno1f@miibeian.gov.cn,Assistant Manager,777,error: undefined method `id' for nil:NilClass,9/6/2015,52
53,Allyce,Hillborne,64,ahillborne1g@pinterest.com,Structural Engineer,250,error: undefined method `id' for nil:NilClass,3/15/2015,53
54,Lydie,O'Donovan,20,lodonovan1h@linkedin.com,Cost Accountant,442,error: undefined method `id' for nil:NilClass,4/26/2011,54
55,Judye,Bruinsma,29,jbruinsma1i@ibm.com,Food Chemist,571,error: undefined method `id' for nil:NilClass,7/9/2020,55
56,Lindy,Pudding,40,lpudding1j@hugedomains.com,Physical Therapy Assistant,41,error: undefined method `id' for nil:NilClass,9/2/2021,56
57,Cleavland,Knowlman,28,cknowlman1k@weebly.com,Account Coordinator,980,error: undefined method `id' for nil:NilClass,5/31/2019,57
58,Karim,Dacey,36,kdacey1l@themeforest.net,Professor,575,error: undefined method `id' for nil:NilClass,8/8/2020,58
59,Banky,Romao,56,bromao1m@timesonline.co.uk,Assistant Professor,411,error: undefined method `id' for nil:NilClass,2/26/2011,59
60,Shelley,Bruhnicke,55,sbruhnicke1n@buzzfeed.com,Senior Sales Associate,4,error: undefined method `id' for nil:NilClass,6/22/2020,60
61,Ara,Kleeman,56,akleeman1o@stumbleupon.com,Media Manager III,448,error: undefined method `id' for nil:NilClass,5/4/2018,61
62,Gilberte,Coldrick,56,gcoldrick1p@newsvine.com,VP Quality Control,772,error: undefined method `id' for nil:NilClass,10/9/2019,62
63,Flore,Tiltman,43,ftiltman1q@storify.com,Internal Auditor,130,error: undefined method `id' for nil:NilClass,11/3/2010,63
64,Storm,Marthen,41,smarthen1r@blogspot.com,Health Coach II,619,error: undefined method `id' for nil:NilClass,6/13/2013,64
65,Atlante,Robeson,40,arobeson1s@gmpg.org,Geological Engineer,680,error: undefined method `id' for nil:NilClass,10/28/2021,65
66,Merwin,Lyokhin,36,mlyokhin1t@zdnet.com,Sales Representative,618,error: undefined method `id' for nil:NilClass,12/3/2017,66
67,Norrie,Bonhan,62,nbonhan1u@wiley.com,Account Representative IV,331,error: undefined method `id' for nil:NilClass,2/8/2020,67
68,Arlana,Jerdan,43,ajerdan1v@theatlantic.com,Administrative Officer,490,error: undefined method `id' for nil:NilClass,5/7/2013,68
69,Xenia,Bake,48,xbake1w@google.it,Research Nurse,210,error: undefined method `id' for nil:NilClass,6/2/2016,69
70,Doroteya,Dedmam,20,ddedmam1x@wp.com,Developer IV,450,error: undefined method `id' for nil:NilClass,8/11/2015,70
71,Haslett,Starbucke,43,hstarbucke1y@hp.com,Professor,158,error: undefined method `id' for nil:NilClass,5/4/2017,71
72,Sheela,Clifton,20,sclifton1z@symantec.com,Speech Pathologist,223,error: undefined method `id' for nil:NilClass,7/4/2011,72
73,Francklin,Baty,31,fbaty20@ftc.gov,Research Associate,420,error: undefined method `id' for nil:NilClass,8/19/2011,73
74,Helen,Larter,39,hlarter21@usatoday.com,Sales Associate,967,error: undefined method `id' for nil:NilClass,1/5/2020,74
75,Ailsun,Dougher,53,adougher22@parallels.com,Desktop Support Technician,392,error: undefined method `id' for nil:NilClass,9/15/2021,75
76,Jard,Archbould,43,jarchbould23@tamu.edu,Health Coach I,193,error: undefined method `id' for nil:NilClass,1/24/2015,76
77,Gannon,Hebburn,29,ghebburn24@opera.com,Librarian,680,error: undefined method `id' for nil:NilClass,2/21/2012,77
78,Caroline,Spillard,21,cspillard25@cyberchimps.com,Executive Secretary,482,error: undefined method `id' for nil:NilClass,11/16/2011,78
79,Janaya,Hannum,32,jhannum26@buzzfeed.com,Human Resources Assistant I,275,error: undefined method `id' for nil:NilClass,3/22/2013,79
80,Worth,Bodker,62,wbodker27@sina.com.cn,Project Manager,856,error: undefined method `id' for nil:NilClass,7/19/2018,80
81,Florella,Hawtrey,57,fhawtrey28@soundcloud.com,Junior Executive,845,error: undefined method `id' for nil:NilClass,6/17/2015,81
82,Kelsy,Shmyr,61,kshmyr29@dagondesign.com,Business Systems Development Analyst,901,error: undefined method `id' for nil:NilClass,10/2/2010,82
83,Amery,Pickworth,52,apickworth2a@cam.ac.uk,Speech Pathologist,124,error: undefined method `id' for nil:NilClass,9/21/2017,83
84,Lila,Scorah,27,lscorah2b@nyu.edu,Budget/Accounting Analyst IV,814,error: undefined method `id' for nil:NilClass,8/2/2021,84
85,Erich,Furman,63,efurman2c@altervista.org,Product Engineer,987,error: undefined method `id' for nil:NilClass,8/26/2019,85
86,Jammal,Bullas,46,jbullas2d@paginegialle.it,Administrative Officer,574,error: undefined method `id' for nil:NilClass,6/21/2011,86
87,Roselia,Riggoll,58,rriggoll2e@yellowpages.com,Technical Writer,840,error: undefined method `id' for nil:NilClass,3/29/2017,87
88,Marcia,Wreakes,18,mwreakes2f@ucoz.com,Accountant IV,868,error: undefined method `id' for nil:NilClass,1/3/2013,88
89,Alexis,Merrisson,33,amerrisson2g@mediafire.com,Dental Hygienist,187,error: undefined method `id' for nil:NilClass,3/5/2017,89
90,Vicky,Rowcastle,30,vrowcastle2h@instagram.com,General Manager,10,error: undefined method `id' for nil:NilClass,6/26/2017,90
91,Philippine,Gilbey,29,pgilbey2i@tuttocitta.it,Staff Accountant II,103,error: undefined method `id' for nil:NilClass,12/9/2015,91
92,Bartram,Ghirigori,47,bghirigori2j@hc360.com,Teacher,592,error: undefined method `id' for nil:NilClass,4/1/2011,92
93,Letitia,Bidgod,25,lbidgod2k@dailymail.co.uk,Developer III,723,error: undefined method `id' for nil:NilClass,8/2/2010,93
94,Lara,Gasken,31,lgasken2l@paypal.com,Programmer Analyst II,388,error: undefined method `id' for nil:NilClass,12/15/2016,94
95,Kissee,Vercruysse,60,kvercruysse2m@sphinn.com,Community Outreach Specialist,468,error: undefined method `id' for nil:NilClass,3/30/2016,95
96,Berni,Balcers,44,bbalcers2n@typepad.com,Clinical Specialist,897,error: undefined method `id' for nil:NilClass,9/19/2015,96
97,Ebeneser,Birdseye,45,ebirdseye2o@ted.com,Business Systems Development Analyst,943,error: undefined method `id' for nil:NilClass,4/9/2013,97
98,Benn,Labden,40,blabden2p@time.com,Editor,902,error: undefined method `id' for nil:NilClass,1/16/2011,98
99,Katey,Sprackling,21,ksprackling2q@cnbc.com,Tax Accountant,992,error: undefined method `id' for nil:NilClass,5/25/2012,99
100,Vidovik,Muschette,37,vmuschette2r@geocities.jp,Safety Technician III,797,error: undefined method `id' for nil:NilClass,12/23/2012,100
101,Flossie,Dronsfield,56,fdronsfield2s@wunderground.com,Developer I,729,error: undefined method `id' for nil:NilClass,2/12/2010,101
102,Brigid,Greathead,52,bgreathead2t@bravesites.com,Operator,396,error: undefined method `id' for nil:NilClass,9/21/2018,102
103,Miles,Purver,54,mpurver2u@wikipedia.org,Operator,730,error: undefined method `id' for nil:NilClass,12/19/2021,103
104,Dareen,Werny,43,dwerny2v@un.org,Technical Writer,824,error: undefined method `id' for nil:NilClass,7/4/2015,104
105,Harris,Fanthome,27,hfanthome2w@reddit.com,Staff Scientist,632,error: undefined method `id' for nil:NilClass,12/26/2012,105
106,Tera,Chainey,62,tchainey2x@narod.ru,Account Coordinator,957,error: undefined method `id' for nil:NilClass,2/9/2011,106
107,Elston,Philipsohn,28,ephilipsohn2y@baidu.com,Accounting Assistant I,168,error: undefined method `id' for nil:NilClass,10/17/2020,107
108,Amalita,Learoyde,34,alearoyde2z@oaic.gov.au,Business Systems Development Analyst,697,error: undefined method `id' for nil:NilClass,7/2/2014,108
109,Esme,Cuffley,46,ecuffley30@chronoengine.com,Cost Accountant,313,error: undefined method `id' for nil:NilClass,3/13/2016,109
110,Renelle,Prahl,22,rprahl31@tinypic.com,Environmental Tech,594,error: undefined method `id' for nil:NilClass,11/24/2020,110
111,Aland,Winchester,51,awinchester32@so-net.ne.jp,Quality Engineer,541,error: undefined method `id' for nil:NilClass,2/25/2010,111
112,Magdalen,Breeton,31,mbreeton33@indiegogo.com,Senior Financial Analyst,205,error: undefined method `id' for nil:NilClass,1/6/2011,112
113,Saunders,Afonso,28,safonso34@hhs.gov,Structural Engineer,715,error: undefined method `id' for nil:NilClass,7/18/2020,113
114,Goldina,Southcomb,20,gsouthcomb35@myspace.com,Help Desk Technician,428,error: undefined method `id' for nil:NilClass,5/9/2010,114
115,Innis,Try,27,itry36@chron.com,Geologist IV,91,error: undefined method `id' for nil:NilClass,10/15/2016,115
116,Jacquetta,Tarte,35,jtarte37@disqus.com,Help Desk Technician,257,error: undefined method `id' for nil:NilClass,9/4/2020,116
117,Starla,Roundtree,18,sroundtree38@bloomberg.com,Senior Editor,561,error: undefined method `id' for nil:NilClass,11/24/2021,117
118,Rawley,Farn,59,rfarn39@liveinternet.ru,Desktop Support Technician,939,error: undefined method `id' for nil:NilClass,10/30/2012,118
119,Laura,Rathjen,64,lrathjen3a@infoseek.co.jp,Assistant Manager,795,error: undefined method `id' for nil:NilClass,10/24/2013,119
120,Ira,Fernyhough,28,ifernyhough3b@paginegialle.it,VP Sales,810,error: undefined method `id' for nil:NilClass,8/2/2010,120
121,Marlow,McArdell,25,mmcardell3c@ow.ly,Internal Auditor,359,error: undefined method `id' for nil:NilClass,10/19/2011,121
122,Lilian,Butner,42,lbutner3d@cbc.ca,Payment Adjustment Coordinator,880,error: undefined method `id' for nil:NilClass,4/1/2013,122
123,Bren,Soppit,45,bsoppit3e@phpbb.com,Help Desk Operator,573,error: undefined method `id' for nil:NilClass,8/31/2011,123
124,Kyla,Meininger,31,kmeininger3f@netscape.com,Senior Editor,146,error: undefined method `id' for nil:NilClass,3/6/2015,124
125,Sherline,Tanguy,55,stanguy3g@fastcompany.com,Account Representative IV,11,error: undefined method `id' for nil:NilClass,10/2/2012,125
126,Dyann,Girdwood,53,dgirdwood3h@webnode.com,Software Engineer I,949,error: undefined method `id' for nil:NilClass,12/22/2011,126
127,Mil,Warrior,27,mwarrior3i@theglobeandmail.com,Compensation Analyst,810,error: undefined method `id' for nil:NilClass,10/8/2010,127
128,Addia,Franzewitch,19,afranzewitch3j@oakley.com,VP Product Management,401,error: undefined method `id' for nil:NilClass,1/15/2013,128
129,Adelbert,Bautiste,22,abautiste3k@altervista.org,Project Manager,584,error: undefined method `id' for nil:NilClass,4/24/2020,129
130,Stacie,Theyer,31,stheyer3l@toplist.cz,Data Coordinator,798,error: undefined method `id' for nil:NilClass,6/24/2010,130
131,Walt,McKeating,63,wmckeating3m@rediff.com,Internal Auditor,451,error: undefined method `id' for nil:NilClass,5/2/2021,131
132,Marybeth,Caroll,65,mcaroll3n@hhs.gov,Information Systems Manager,498,error: undefined method `id' for nil:NilClass,7/23/2017,132
133,Durant,Arrighini,36,darrighini3o@desdev.cn,Financial Advisor,297,error: undefined method `id' for nil:NilClass,3/23/2018,133
134,Robby,Graveney,50,rgraveney3p@guardian.co.uk,Senior Quality Engineer,419,error: undefined method `id' for nil:NilClass,8/8/2016,134
135,Dougy,Pethybridge,27,dpethybridge3q@wired.com,Occupational Therapist,457,error: undefined method `id' for nil:NilClass,4/4/2013,135
136,Pierette,Tidy,47,ptidy3r@networkadvertising.org,Administrative Officer,164,error: undefined method `id' for nil:NilClass,11/15/2017,136
137,Babb,Montford,65,bmontford3s@nba.com,Geological Engineer,512,error: undefined method `id' for nil:NilClass,5/21/2020,137
138,Dev,Osgar,19,dosgar3t@seesaa.net,Senior Cost Accountant,450,error: undefined method `id' for nil:NilClass,4/20/2011,138
139,Ameline,Stearne,63,astearne3u@google.it,Information Systems Manager,681,error: undefined method `id' for nil:NilClass,5/23/2018,139
140,Niel,Lerhinan,22,nlerhinan3v@wiley.com,Payment Adjustment Coordinator,52,error: undefined method `id' for nil:NilClass,8/8/2015,140
141,Bryna,Rummings,22,brummings3w@utexas.edu,Analyst Programmer,1,error: undefined method `id' for nil:NilClass,2/9/2014,141
142,Sauveur,Siddle,19,ssiddle3x@answers.com,Social Worker,759,error: undefined method `id' for nil:NilClass,8/9/2013,142
143,Torin,Moutray Read,63,tmoutrayread3y@sina.com.cn,Chief Design Engineer,749,error: undefined method `id' for nil:NilClass,12/25/2014,143
144,Renell,McBoyle,59,rmcboyle3z@hc360.com,Dental Hygienist,864,error: undefined method `id' for nil:NilClass,5/21/2011,144
145,Petey,Baalham,21,pbaalham40@php.net,Community Outreach Specialist,526,error: undefined method `id' for nil:NilClass,7/14/2019,145
146,Miguela,Pennino,29,mpennino41@freewebs.com,Information Systems Manager,54,error: undefined method `id' for nil:NilClass,9/25/2010,146
147,Homerus,Bednell,22,hbednell42@microsoft.com,Human Resources Manager,787,error: undefined method `id' for nil:NilClass,7/21/2011,147
148,Gregoor,Pearmain,40,gpearmain43@unblog.fr,Research Associate,78,error: undefined method `id' for nil:NilClass,7/15/2010,148
149,Broderic,Burdoun,63,bburdoun44@tumblr.com,Business Systems Development Analyst,206,error: undefined method `id' for nil:NilClass,7/3/2012,149
150,Cristie,Spadotto,20,cspadotto45@earthlink.net,Marketing Manager,132,error: undefined method `id' for nil:NilClass,7/16/2021,150
151,Omar,Disley,33,odisley46@ca.gov,Geological Engineer,597,error: undefined method `id' for nil:NilClass,6/17/2020,151
152,Garald,Boldero,26,gboldero47@telegraph.co.uk,Media Manager I,824,error: undefined method `id' for nil:NilClass,10/3/2018,152
153,Sheena,Sabben,44,ssabben48@freewebs.com,Safety Technician III,90,error: undefined method `id' for nil:NilClass,3/1/2017,153
154,Wendall,Spragge,18,wspragge49@sogou.com,Mechanical Systems Engineer,121,error: undefined method `id' for nil:NilClass,10/2/2018,154
155,Filberte,Pandya,25,fpandya4a@google.com,Analog Circuit Design manager,613,error: undefined method `id' for nil:NilClass,5/13/2018,155
156,Casie,Savidge,46,csavidge4b@sfgate.com,Marketing Manager,716,error: undefined method `id' for nil:NilClass,9/4/2021,156
157,Reeta,Ivasyushkin,29,rivasyushkin4c@ustream.tv,Compensation Analyst,829,error: undefined method `id' for nil:NilClass,1/20/2011,157
158,Ricca,Aindriu,57,raindriu4d@webnode.com,GIS Technical Architect,672,error: undefined method `id' for nil:NilClass,4/16/2014,158
159,Cynthie,Ogus,39,cogus4e@gov.uk,Programmer Analyst III,303,error: undefined method `id' for nil:NilClass,5/1/2010,159
160,Pearl,Belcham,21,pbelcham4f@mayoclinic.com,VP Marketing,256,error: undefined method `id' for nil:NilClass,5/16/2011,160
161,Eveline,Garretts,53,egarretts4g@time.com,Human Resources Assistant III,643,error: undefined method `id' for nil:NilClass,6/30/2021,161
162,Everett,Sandiland,22,esandiland4h@marriott.com,Civil Engineer,806,error: undefined method `id' for nil:NilClass,9/2/2020,162
163,Winnah,Mabbutt,32,wmabbutt4i@wired.com,Paralegal,27,error: undefined method `id' for nil:NilClass,3/27/2017,163
164,Candace,Cardenas,48,ccardenas4j@spiegel.de,Editor,640,error: undefined method `id' for nil:NilClass,12/21/2018,164
165,Sean,Jahner,27,sjahner4k@omniture.com,Actuary,446,error: undefined method `id' for nil:NilClass,1/29/2010,165
166,Cordelia,Pearse,35,cpearse4l@amazon.co.jp,Senior Developer,530,error: undefined method `id' for nil:NilClass,10/13/2019,166
167,Deena,Jirousek,18,djirousek4m@google.it,Technical Writer,417,error: undefined method `id' for nil:NilClass,4/20/2010,167
168,Briggs,Sunshine,36,bsunshine4n@geocities.jp,Financial Analyst,963,error: undefined method `id' for nil:NilClass,9/27/2013,168
169,Marje,Dillicate,52,mdillicate4o@shinystat.com,Technical Writer,162,error: undefined method `id' for nil:NilClass,2/11/2012,169
170,Guy,Matchett,50,gmatchett4p@nature.com,Editor,476,error: undefined method `id' for nil:NilClass,10/29/2011,170
171,Kipp,Fitch,52,kfitch4q@lycos.com,Help Desk Operator,517,error: undefined method `id' for nil:NilClass,6/9/2010,171
172,Ainslee,Karleman,30,akarleman4r@usatoday.com,Payment Adjustment Coordinator,493,error: undefined method `id' for nil:NilClass,3/16/2016,172
173,Marybelle,Furman,18,mfurman4s@storify.com,Financial Advisor,213,error: undefined method `id' for nil:NilClass,4/11/2019,173
174,Jolyn,Janak,18,jjanak4t@phpbb.com,Quality Control Specialist,990,error: undefined method `id' for nil:NilClass,2/14/2010,174
175,Filippo,Curr,38,fcurr4u@hud.gov,Chief Design Engineer,939,error: undefined method `id' for nil:NilClass,3/20/2021,175
176,Timothy,Feaster,23,tfeaster4v@slideshare.net,Recruiter,802,error: undefined method `id' for nil:NilClass,7/27/2015,176
177,Eadmund,Wallice,62,ewallice4w@elegantthemes.com,Automation Specialist III,509,error: undefined method `id' for nil:NilClass,8/13/2020,177
178,Zacharia,Ellwood,56,zellwood4x@cam.ac.uk,Legal Assistant,75,error: undefined method `id' for nil:NilClass,5/17/2020,178
179,Sarina,Timmins,47,stimmins4y@pinterest.com,Payment Adjustment Coordinator,679,error: undefined method `id' for nil:NilClass,1/5/2020,179
180,Ambrosio,Mettetal,21,amettetal4z@xing.com,Account Coordinator,688,error: undefined method `id' for nil:NilClass,4/12/2019,180
181,Lilith,Bestar,60,lbestar50@tamu.edu,Financial Advisor,422,error: undefined method `id' for nil:NilClass,6/16/2012,181
182,Riley,Emmerson,64,remmerson51@sbwire.com,Environmental Tech,277,error: undefined method `id' for nil:NilClass,1/30/2014,182
183,Rolando,Kemmer,57,rkemmer52@dropbox.com,Director of Sales,321,error: undefined method `id' for nil:NilClass,4/15/2011,183
184,Nannie,Ludovici,24,nludovici53@storify.com,Statistician III,643,error: undefined method `id' for nil:NilClass,4/18/2015,184
185,Krishna,Romans,47,kromans54@hhs.gov,Geologist II,662,error: undefined method `id' for nil:NilClass,7/13/2016,185
186,Giraud,Nussgen,24,gnussgen55@irs.gov,Technical Writer,386,error: undefined method `id' for nil:NilClass,5/23/2015,186
187,Damita,Bayles,50,dbayles56@state.gov,Senior Sales Associate,940,error: undefined method `id' for nil:NilClass,3/17/2018,187
188,Corri,Morfey,65,cmorfey57@columbia.edu,Statistician III,868,error: undefined method `id' for nil:NilClass,4/5/2015,188
189,Alyss,Mayhow,52,amayhow58@ucsd.edu,Tax Accountant,239,error: undefined method `id' for nil:NilClass,6/3/2020,189
190,Rozelle,Crisp,30,rcrisp59@state.tx.us,Librarian,679,error: undefined method `id' for nil:NilClass,1/17/2011,190
191,Charmain,Pervew,43,cpervew5a@macromedia.com,Quality Engineer,265,error: undefined method `id' for nil:NilClass,9/9/2014,191
192,Doralynne,Alu,65,dalu5b@mac.com,Safety Technician IV,495,error: undefined method `id' for nil:NilClass,12/29/2011,192
193,Lily,Flaunders,26,lflaunders5c@bigcartel.com,Help Desk Technician,338,error: undefined method `id' for nil:NilClass,5/28/2017,193
194,Gerrie,Allston,42,gallston5d@bbc.co.uk,Help Desk Technician,319,error: undefined method `id' for nil:NilClass,9/13/2017,194
195,Charity,Gallyon,62,cgallyon5e@nih.gov,Data Coordinator,894,error: undefined method `id' for nil:NilClass,4/13/2014,195
196,Jeromy,Bert,36,jbert5f@lycos.com,Chemical Engineer,840,error: undefined method `id' for nil:NilClass,5/21/2015,196
197,Isaak,Carthew,31,icarthew5g@dailymail.co.uk,Analog Circuit Design manager,649,error: undefined method `id' for nil:NilClass,11/9/2010,197
198,Belia,Orae,36,borae5h@gov.uk,Web Designer II,297,error: undefined method `id' for nil:NilClass,5/28/2019,198
199,Gary,Van den Bosch,20,gvandenbosch5i@tuttocitta.it,Director of Sales,678,error: undefined method `id' for nil:NilClass,4/16/2010,199
200,Brita,Pagel,45,bpagel5j@seattletimes.com,Nurse Practicioner,450,error: undefined method `id' for nil:NilClass,3/13/2018,200
201,Buffy,Lodemann,23,blodemann5k@bloglines.com,Developer II,649,error: undefined method `id' for nil:NilClass,8/20/2021,201
202,Sunshine,Cockren,56,scockren5l@bizjournals.com,Human Resources Manager,805,error: undefined method `id' for nil:NilClass,1/20/2019,202
203,Nathanial,McGenn,31,nmcgenn5m@gravatar.com,Editor,128,error: undefined method `id' for nil:NilClass,8/15/2020,203
204,Kassi,Helstrom,37,khelstrom5n@shareasale.com,Senior Quality Engineer,874,error: undefined method `id' for nil:NilClass,1/4/2019,204
205,Nata,Ellingworth,42,nellingworth5o@msn.com,Budget/Accounting Analyst IV,819,error: undefined method `id' for nil:NilClass,5/28/2020,205
206,Moyra,Aldgate,44,maldgate5p@xrea.com,Senior Developer,212,error: undefined method `id' for nil:NilClass,3/19/2014,206
207,Niel,Broadey,33,nbroadey5q@cbsnews.com,Web Designer II,234,error: undefined method `id' for nil:NilClass,7/22/2015,207
208,Lian,Folan,34,lfolan5r@apple.com,Senior Financial Analyst,328,error: undefined method `id' for nil:NilClass,9/8/2010,208
209,Fedora,Ordelt,58,fordelt5s@cloudflare.com,Human Resources Assistant III,938,error: undefined method `id' for nil:NilClass,3/19/2021,209
210,Giacobo,Hannis,46,ghannis5t@addtoany.com,Professor,344,error: undefined method `id' for nil:NilClass,11/17/2012,210
211,Jereme,Paolino,19,jpaolino5u@alexa.com,Food Chemist,464,error: undefined method `id' for nil:NilClass,1/11/2019,211
212,Sheena,Dounbare,38,sdounbare5v@slideshare.net,Senior Financial Analyst,76,error: undefined method `id' for nil:NilClass,5/21/2019,212
213,Lillis,Swinford,50,lswinford5w@hao123.com,Programmer IV,887,error: undefined method `id' for nil:NilClass,3/25/2011,213
214,Tory,Cuzen,26,tcuzen5x@bloglovin.com,Office Assistant II,731,error: undefined method `id' for nil:NilClass,2/22/2011,214
215,Frannie,Steger,36,fsteger5y@arstechnica.com,Project Manager,711,error: undefined method `id' for nil:NilClass,9/11/2014,215
216,Tarrance,Henker,47,thenker5z@ucsd.edu,Sales Representative,636,error: undefined method `id' for nil:NilClass,12/21/2011,216
217,Jacinthe,Winslade,32,jwinslade60@ycombinator.com,Web Developer III,148,error: undefined method `id' for nil:NilClass,8/22/2012,217
218,Gerard,Dulwich,39,gdulwich61@dmoz.org,Junior Executive,130,error: undefined method `id' for nil:NilClass,9/21/2018,218
219,Annadiane,Ebi,37,aebi62@jimdo.com,Physical Therapy Assistant,284,error: undefined method `id' for nil:NilClass,9/20/2018,219
220,Leisha,Oliva,41,loliva63@sun.com,Actuary,520,error: undefined method `id' for nil:NilClass,12/29/2015,220
221,Lida,Eidelman,46,leidelman64@census.gov,Electrical Engineer,905,error: undefined method `id' for nil:NilClass,12/23/2015,221
222,Raffaello,Baldock,33,rbaldock65@is.gd,Administrative Assistant III,819,error: undefined method `id' for nil:NilClass,10/24/2016,222
223,Twila,Coultous,24,tcoultous66@constantcontact.com,Design Engineer,667,error: undefined method `id' for nil:NilClass,11/16/2018,223
224,Fenelia,Vlahos,22,fvlahos67@cafepress.com,Research Assistant IV,900,error: undefined method `id' for nil:NilClass,9/11/2018,224
225,Warde,Hawkins,44,whawkins68@wordpress.org,Research Assistant I,385,error: undefined method `id' for nil:NilClass,9/6/2010,225
226,Golda,Vokes,56,gvokes69@infoseek.co.jp,Recruiter,314,error: undefined method `id' for nil:NilClass,12/18/2012,226
227,Prudence,Cuardall,64,pcuardall6a@so-net.ne.jp,Financial Analyst,928,error: undefined method `id' for nil:NilClass,11/22/2014,227
228,Moss,Santorini,44,msantorini6b@nationalgeographic.com,Staff Scientist,295,error: undefined method `id' for nil:NilClass,12/8/2012,228
229,Mic,Holdron,43,mholdron6c@miitbeian.gov.cn,Desktop Support Technician,808,error: undefined method `id' for nil:NilClass,5/2/2018,229
230,Pierrette,Twiggs,44,ptwiggs6d@java.com,Web Developer IV,566,error: undefined method `id' for nil:NilClass,8/10/2011,230
231,Holden,Oldman,29,holdman6e@apple.com,Financial Advisor,641,error: undefined method `id' for nil:NilClass,5/6/2013,231
232,Stern,Hourigan,26,shourigan6f@dropbox.com,Registered Nurse,317,error: undefined method `id' for nil:NilClass,2/26/2012,232
233,Rosmunda,Crevagh,42,rcrevagh6g@csmonitor.com,Safety Technician I,910,error: undefined method `id' for nil:NilClass,10/1/2021,233
234,Jacquetta,Harrington,40,jharrington6h@redcross.org,Web Developer III,497,error: undefined method `id' for nil:NilClass,11/10/2016,234
235,Donall,Rooze,58,drooze6i@prlog.org,Social Worker,675,error: undefined method `id' for nil:NilClass,11/27/2018,235
236,Corrianne,Dulwitch,27,cdulwitch6j@fc2.com,General Manager,950,error: undefined method `id' for nil:NilClass,1/18/2020,236
237,Prissie,Letchmore,38,pletchmore6k@purevolume.com,VP Quality Control,88,error: undefined method `id' for nil:NilClass,5/31/2010,237
238,Deidre,Bucklee,36,dbucklee6l@mapquest.com,Paralegal,245,error: undefined method `id' for nil:NilClass,4/5/2013,238
239,Norbert,Bigby,22,nbigby6m@wp.com,Legal Assistant,590,error: undefined method `id' for nil:NilClass,11/4/2018,239
240,Lemmy,Klempke,20,lklempke6n@tinypic.com,Automation Specialist II,417,error: undefined method `id' for nil:NilClass,3/11/2021,240
241,Cecil,Westmarland,40,cwestmarland6o@spiegel.de,Research Nurse,769,error: undefined method `id' for nil:NilClass,1/23/2015,241
242,Timofei,Albisser,35,talbisser6p@hostgator.com,Senior Quality Engineer,676,error: undefined method `id' for nil:NilClass,4/3/2014,242
243,Jacki,Wagner,56,jwagner6q@unesco.org,Director of Sales,213,error: undefined method `id' for nil:NilClass,12/30/2015,243
244,Malissia,Van der Velde,41,mvandervelde6r@slate.com,Account Executive,150,error: undefined method `id' for nil:NilClass,3/20/2015,244
245,Burg,Growden,18,bgrowden6s@hibu.com,Paralegal,657,error: undefined method `id' for nil:NilClass,11/19/2019,245
246,Hyacinth,Decourcy,38,hdecourcy6t@nbcnews.com,Accountant IV,693,error: undefined method `id' for nil:NilClass,6/18/2011,246
247,Jeanna,Torpie,30,jtorpie6u@scientificamerican.com,Quality Control Specialist,415,error: undefined method `id' for nil:NilClass,4/6/2010,247
248,Gannon,Dedney,60,gdedney6v@ihg.com,Clinical Specialist,724,error: undefined method `id' for nil:NilClass,8/10/2016,248
249,Deloris,Korneev,26,dkorneev6w@typepad.com,Senior Sales Associate,979,error: undefined method `id' for nil:NilClass,11/7/2021,249
250,Leola,Dearing,37,ldearing6x@virginia.edu,Staff Scientist,949,error: undefined method `id' for nil:NilClass,10/16/2015,250
251,Brit,Saiger,31,bsaiger6y@google.fr,VP Accounting,528,error: undefined method `id' for nil:NilClass,4/14/2012,251
252,Evangeline,Toulamain,65,etoulamain6z@hexun.com,Research Associate,603,error: undefined method `id' for nil:NilClass,5/16/2019,252
253,Goldi,McTiernan,38,gmctiernan70@ucsd.edu,Nurse,553,error: undefined method `id' for nil:NilClass,12/2/2012,253
254,Valentia,Croneen,22,vcroneen71@unc.edu,General Manager,471,error: undefined method `id' for nil:NilClass,4/12/2016,254
255,Lorne,Raffels,56,lraffels72@telegraph.co.uk,Software Consultant,676,error: undefined method `id' for nil:NilClass,11/20/2014,255
256,Gothart,Legrave,43,glegrave73@ft.com,Financial Analyst,831,error: undefined method `id' for nil:NilClass,1/5/2019,256
257,Wanda,Imesen,61,wimesen74@adobe.com,Actuary,948,error: undefined method `id' for nil:NilClass,7/20/2017,257
258,Huntlee,Sprott,56,hsprott75@printfriendly.com,GIS Technical Architect,444,error: undefined method `id' for nil:NilClass,11/28/2019,258
259,Grove,Tewkesberry,29,gtewkesberry76@xrea.com,Paralegal,139,error: undefined method `id' for nil:NilClass,5/23/2020,259
260,Stu,Outridge,40,soutridge77@noaa.gov,VP Product Management,40,error: undefined method `id' for nil:NilClass,10/11/2018,260
261,Elsinore,Hargess,36,ehargess78@aol.com,Software Engineer I,678,error: undefined method `id' for nil:NilClass,3/10/2019,261
262,Coletta,Orsman,25,corsman79@census.gov,Assistant Media Planner,976,error: undefined method `id' for nil:NilClass,10/16/2013,262
263,Rubin,Sant,62,rsant7a@hugedomains.com,Software Consultant,830,error: undefined method `id' for nil:NilClass,5/31/2014,263
264,Donielle,Peracco,29,dperacco7b@hatena.ne.jp,Automation Specialist I,104,error: undefined method `id' for nil:NilClass,10/6/2012,264
265,Albertina,Dymock,38,adymock7c@deliciousdays.com,VP Sales,880,error: undefined method `id' for nil:NilClass,2/7/2014,265
266,Alla,Wilkennson,27,awilkennson7d@exblog.jp,Social Worker,27,error: undefined method `id' for nil:NilClass,5/12/2013,266
267,Almeria,Fowell,29,afowell7e@webmd.com,Professor,56,error: undefined method `id' for nil:NilClass,11/19/2021,267
268,Dasie,McGeffen,40,dmcgeffen7f@wix.com,Environmental Tech,558,error: undefined method `id' for nil:NilClass,4/3/2010,268
269,Chandler,Swash,47,cswash7g@ebay.co.uk,Research Associate,728,error: undefined method `id' for nil:NilClass,10/7/2012,269
270,Brandi,Compford,23,bcompford7h@plala.or.jp,Director of Sales,170,error: undefined method `id' for nil:NilClass,10/11/2013,270
271,Samuele,Skinley,53,sskinley7i@google.cn,Community Outreach Specialist,48,error: undefined method `id' for nil:NilClass,10/20/2020,271
272,Daron,Bartles,53,dbartles7j@vk.com,Assistant Professor,408,error: undefined method `id' for nil:NilClass,3/25/2015,272
273,Orlando,Wardley,20,owardley7k@taobao.com,Registered Nurse,213,error: undefined method `id' for nil:NilClass,7/5/2017,273
274,Leda,Bassil,42,lbassil7l@prnewswire.com,Editor,225,error: undefined method `id' for nil:NilClass,12/11/2010,274
275,Ardath,McRannell,20,amcrannell7m@who.int,Web Developer III,803,error: undefined method `id' for nil:NilClass,3/17/2021,275
276,Hermina,Nicklen,54,hnicklen7n@cloudflare.com,Assistant Professor,130,error: undefined method `id' for nil:NilClass,6/10/2011,276
277,Inge,Leteurtre,64,ileteurtre7o@sakura.ne.jp,Actuary,340,error: undefined method `id' for nil:NilClass,5/28/2017,277
278,Noel,MacDiarmond,27,nmacdiarmond7p@tamu.edu,Software Consultant,518,error: undefined method `id' for nil:NilClass,8/20/2016,278
279,Antony,Habden,53,ahabden7q@smugmug.com,Design Engineer,409,error: undefined method `id' for nil:NilClass,12/28/2011,279
280,Zonda,Bentson,32,zbentson7r@xing.com,Social Worker,620,error: undefined method `id' for nil:NilClass,10/25/2016,280
281,Erick,Rasp,24,erasp7s@shinystat.com,Engineer I,669,error: undefined method `id' for nil:NilClass,4/21/2014,281
282,Allegra,Cusick,60,acusick7t@pinterest.com,Account Representative IV,849,error: undefined method `id' for nil:NilClass,6/10/2012,282
283,Wallie,Eglington,65,weglington7u@pcworld.com,Financial Advisor,522,error: undefined method `id' for nil:NilClass,8/13/2017,283
284,Henryetta,Boshers,19,hboshers7v@apple.com,Food Chemist,128,error: undefined method `id' for nil:NilClass,4/12/2011,284
285,Welsh,Ebbage,49,webbage7w@bing.com,Quality Engineer,176,error: undefined method `id' for nil:NilClass,2/19/2014,285
286,Umberto,Spera,23,uspera7x@slashdot.org,Nurse,919,error: undefined method `id' for nil:NilClass,1/20/2010,286
287,Joletta,Hoyer,33,jhoyer7y@sakura.ne.jp,Web Developer III,989,error: undefined method `id' for nil:NilClass,6/20/2016,287
288,Bent,Ceaser,57,bceaser7z@sakura.ne.jp,Professor,134,error: undefined method `id' for nil:NilClass,4/25/2011,288
289,Efrem,Losseljong,64,elosseljong80@amazon.de,Mechanical Systems Engineer,652,error: undefined method `id' for nil:NilClass,3/17/2017,289
290,Druci,Henighan,42,dhenighan81@squidoo.com,Pharmacist,879,error: undefined method `id' for nil:NilClass,3/19/2017,290
291,Rolando,Orwell,43,rorwell82@people.com.cn,Nuclear Power Engineer,401,error: undefined method `id' for nil:NilClass,8/11/2010,291
292,Reinaldo,Keuning,43,rkeuning83@google.fr,Office Assistant II,830,error: undefined method `id' for nil:NilClass,7/14/2020,292
293,Jessalyn,Durdy,37,jdurdy84@shop-pro.jp,Design Engineer,248,error: undefined method `id' for nil:NilClass,4/2/2018,293
294,Filmer,Wagg,29,fwagg85@meetup.com,Structural Engineer,483,error: undefined method `id' for nil:NilClass,11/25/2018,294
295,Carl,Pessolt,44,cpessolt86@typepad.com,Health Coach II,904,error: undefined method `id' for nil:NilClass,11/21/2016,295
296,Amil,Pescod,24,apescod87@cocolog-nifty.com,Office Assistant II,322,error: undefined method `id' for nil:NilClass,7/9/2020,296
297,Elisabeth,Mounsie,23,emounsie88@narod.ru,Environmental Specialist,207,error: undefined method `id' for nil:NilClass,3/5/2010,297
298,Vick,Yarn,25,vyarn89@goo.ne.jp,Speech Pathologist,331,error: undefined method `id' for nil:NilClass,2/20/2018,298
299,Barthel,Tift,20,btift8a@auda.org.au,Payment Adjustment Coordinator,297,error: undefined method `id' for nil:NilClass,8/15/2010,299
300,Payton,Hunstone,62,phunstone8b@spotify.com,Speech Pathologist,142,error: undefined method `id' for nil:NilClass,4/4/2017,300
301,Prudy,McQueen,52,pmcqueen8c@wp.com,Human Resources Manager,483,error: undefined method `id' for nil:NilClass,12/23/2016,301
302,Nickie,Rydzynski,18,nrydzynski8d@altervista.org,Environmental Specialist,464,error: undefined method `id' for nil:NilClass,3/5/2012,302
303,Vikki,Janssen,41,vjanssen8e@pen.io,Pharmacist,517,error: undefined method `id' for nil:NilClass,7/4/2011,303
304,Kenyon,Briton,47,kbriton8f@npr.org,Research Associate,620,error: undefined method `id' for nil:NilClass,10/11/2019,304
305,Forest,Urwin,51,furwin8g@stanford.edu,Safety Technician III,872,error: undefined method `id' for nil:NilClass,2/4/2012,305
306,Jenn,MacGraith,19,jmacgraith8h@jimdo.com,Technical Writer,995,error: undefined method `id' for nil:NilClass,11/6/2013,306
307,Violante,Bearn,36,vbearn8i@nasa.gov,Help Desk Technician,108,error: undefined method `id' for nil:NilClass,8/3/2014,307
308,Robbi,Sandels,45,rsandels8j@si.edu,Geologist I,75,error: undefined method `id' for nil:NilClass,7/13/2017,308
309,Noam,Guerrin,64,nguerrin8k@kickstarter.com,Recruiting Manager,871,error: undefined method `id' for nil:NilClass,10/26/2021,309
310,Major,Noakes,38,mnoakes8l@nydailynews.com,Electrical Engineer,776,error: undefined method `id' for nil:NilClass,6/16/2012,310
311,Berton,Abbs,35,babbs8m@parallels.com,Research Assistant I,591,error: undefined method `id' for nil:NilClass,12/3/2012,311
312,Mavra,Kopelman,25,mkopelman8n@walmart.com,Financial Advisor,458,error: undefined method `id' for nil:NilClass,8/15/2010,312
313,Tony,Kalaher,23,tkalaher8o@so-net.ne.jp,Electrical Engineer,683,error: undefined method `id' for nil:NilClass,5/10/2014,313
314,Mozelle,MacCarter,31,mmaccarter8p@mtv.com,Programmer I,31,error: undefined method `id' for nil:NilClass,9/7/2015,314
315,Cacilia,Hastilow,40,chastilow8q@fema.gov,Nurse,485,error: undefined method `id' for nil:NilClass,6/1/2020,315
316,Ulberto,Cusworth,32,ucusworth8r@thetimes.co.uk,Registered Nurse,181,error: undefined method `id' for nil:NilClass,7/15/2018,316
317,Harmon,De Luna,32,hdeluna8s@paypal.com,Nurse Practicioner,429,error: undefined method `id' for nil:NilClass,7/3/2020,317
318,Keslie,Wendover,34,kwendover8t@apache.org,VP Marketing,579,error: undefined method `id' for nil:NilClass,5/30/2018,318
319,Von,Moreland,40,vmoreland8u@slideshare.net,Operator,906,error: undefined method `id' for nil:NilClass,6/9/2015,319
320,Claudell,Land,64,cland8v@toplist.cz,Research Associate,722,error: undefined method `id' for nil:NilClass,7/21/2019,320
321,Gabriella,McMenamin,63,gmcmenamin8w@apache.org,Assistant Professor,530,error: undefined method `id' for nil:NilClass,10/9/2017,321
322,Conn,Haps,64,chaps8x@spotify.com,Design Engineer,609,error: undefined method `id' for nil:NilClass,10/3/2019,322
323,Minny,Naisby,34,mnaisby8y@blogger.com,Chemical Engineer,367,error: undefined method `id' for nil:NilClass,9/22/2012,323
324,Craig,MacFie,63,cmacfie8z@springer.com,Marketing Assistant,905,error: undefined method `id' for nil:NilClass,2/19/2010,324
325,Glenine,Duffer,38,gduffer90@google.com.br,Analog Circuit Design manager,669,error: undefined method `id' for nil:NilClass,5/8/2020,325
326,Freda,St. John,24,fstjohn91@ehow.com,Quality Engineer,100,error: undefined method `id' for nil:NilClass,10/5/2012,326
327,Enoch,Zaple,65,ezaple92@fotki.com,Software Engineer II,377,error: undefined method `id' for nil:NilClass,1/13/2018,327
328,Cazzie,Bree,40,cbree93@ucla.edu,Database Administrator IV,411,error: undefined method `id' for nil:NilClass,4/12/2019,328
329,Frederic,Roarty,47,froarty94@walmart.com,Payment Adjustment Coordinator,651,error: undefined method `id' for nil:NilClass,7/14/2014,329
330,Katlin,Bruff,28,kbruff95@gnu.org,Structural Analysis Engineer,673,error: undefined method `id' for nil:NilClass,10/18/2010,330
331,Nicolette,Woodman,24,nwoodman96@prnewswire.com,General Manager,56,error: undefined method `id' for nil:NilClass,11/8/2011,331
332,Bar,Arkin,62,barkin97@blogger.com,Financial Advisor,686,error: undefined method `id' for nil:NilClass,7/15/2018,332
333,Orville,Roper,28,oroper98@senate.gov,Account Coordinator,228,error: undefined method `id' for nil:NilClass,5/31/2010,333
334,Juanita,Kabsch,28,jkabsch99@altervista.org,Human Resources Assistant III,704,error: undefined method `id' for nil:NilClass,11/4/2017,334
335,Raymond,Knok,34,rknok9a@hp.com,Internal Auditor,284,error: undefined method `id' for nil:NilClass,3/7/2020,335
336,Leticia,Pinyon,50,lpinyon9b@naver.com,Senior Financial Analyst,191,error: undefined method `id' for nil:NilClass,12/27/2015,336
337,Westleigh,Bore,27,wbore9c@noaa.gov,Administrative Assistant IV,481,error: undefined method `id' for nil:NilClass,7/8/2020,337
338,Colver,Jacketts,30,cjacketts9d@qq.com,Payment Adjustment Coordinator,573,error: undefined method `id' for nil:NilClass,7/2/2018,338
339,Harriett,Edington,61,hedington9e@newyorker.com,Occupational Therapist,99,error: undefined method `id' for nil:NilClass,8/6/2021,339
340,Brook,O'Lahy,40,bolahy9f@who.int,Environmental Tech,211,error: undefined method `id' for nil:NilClass,10/29/2016,340
341,Jesselyn,Masterman,58,jmasterman9g@bbc.co.uk,Product Engineer,80,error: undefined method `id' for nil:NilClass,10/5/2012,341
342,Paddie,Evitts,27,pevitts9h@homestead.com,Nurse,483,error: undefined method `id' for nil:NilClass,12/9/2020,342
343,Devonna,Callacher,59,dcallacher9i@bizjournals.com,Sales Representative,541,error: undefined method `id' for nil:NilClass,9/21/2019,343
344,Suzy,Yakovich,43,syakovich9j@e-recht24.de,Structural Engineer,592,error: undefined method `id' for nil:NilClass,5/9/2021,344
345,Farrell,Wallace,60,fwallace9k@sakura.ne.jp,Paralegal,598,error: undefined method `id' for nil:NilClass,6/26/2018,345
346,Carry,Fontel,34,cfontel9l@purevolume.com,Electrical Engineer,187,error: undefined method `id' for nil:NilClass,4/12/2021,346
347,Maximilianus,Gravenall,47,mgravenall9m@dmoz.org,Staff Accountant IV,30,error: undefined method `id' for nil:NilClass,4/25/2012,347
348,Broderick,Graham,52,bgraham9n@dedecms.com,Administrative Assistant III,636,error: undefined method `id' for nil:NilClass,1/18/2018,348
349,Shela,Dict,44,sdict9o@ted.com,Financial Advisor,724,error: undefined method `id' for nil:NilClass,6/12/2011,349
350,Vanna,McCarl,39,vmccarl9p@earthlink.net,Research Nurse,688,error: undefined method `id' for nil:NilClass,7/23/2014,350
351,Leupold,McElvine,64,lmcelvine9q@youku.com,Web Designer II,5,error: undefined method `id' for nil:NilClass,8/13/2011,351
352,Leicester,Breddy,26,lbreddy9r@ucla.edu,Programmer IV,729,error: undefined method `id' for nil:NilClass,1/26/2017,352
353,Lee,Douch,21,ldouch9s@dagondesign.com,Physical Therapy Assistant,463,error: undefined method `id' for nil:NilClass,7/22/2012,353
354,Aloysia,Mills,44,amills9t@webmd.com,Tax Accountant,328,error: undefined method `id' for nil:NilClass,11/29/2011,354
355,Concettina,Ivanusyev,43,civanusyev9u@themeforest.net,Staff Accountant II,150,error: undefined method `id' for nil:NilClass,2/7/2010,355
356,Nettie,Costar,34,ncostar9v@themeforest.net,Assistant Manager,37,error: undefined method `id' for nil:NilClass,6/19/2015,356
357,Tades,McNeely,48,tmcneely9w@mlb.com,Executive Secretary,84,error: undefined method `id' for nil:NilClass,8/17/2014,357
358,Flem,Chaperling,21,fchaperling9x@shinystat.com,Geological Engineer,640,error: undefined method `id' for nil:NilClass,10/14/2018,358
359,Ansley,Starr,23,astarr9y@yellowpages.com,Assistant Media Planner,31,error: undefined method `id' for nil:NilClass,3/15/2010,359
360,Ivonne,Haseman,25,ihaseman9z@nih.gov,Media Manager III,186,error: undefined method `id' for nil:NilClass,2/15/2013,360
361,Shannah,Pymar,36,spymara0@pagesperso-orange.fr,Cost Accountant,955,error: undefined method `id' for nil:NilClass,8/6/2020,361
362,Barnebas,Gallacher,22,bgallachera1@ucla.edu,Financial Analyst,190,error: undefined method `id' for nil:NilClass,7/31/2013,362
363,Ellie,Kelledy,48,ekelledya2@patch.com,Environmental Specialist,560,error: undefined method `id' for nil:NilClass,12/27/2016,363
364,Dianne,Desouza,62,ddesouzaa3@chicagotribune.com,Civil Engineer,799,error: undefined method `id' for nil:NilClass,2/23/2018,364
365,Marj,Harower,31,mharowera4@bluehost.com,Biostatistician I,381,error: undefined method `id' for nil:NilClass,3/11/2014,365
366,Antoni,Oller,45,aollera5@yellowbook.com,Account Executive,551,error: undefined method `id' for nil:NilClass,4/14/2013,366
367,Cedric,Steels,62,csteelsa6@altervista.org,Data Coordinator,842,error: undefined method `id' for nil:NilClass,8/13/2011,367
368,Gasper,Beernaert,61,gbeernaerta7@constantcontact.com,Nurse Practicioner,41,error: undefined method `id' for nil:NilClass,10/5/2010,368
369,Maridel,Gorringe,63,mgorringea8@theatlantic.com,Social Worker,525,error: undefined method `id' for nil:NilClass,10/15/2016,369
370,Marcelia,Skeldon,24,mskeldona9@about.me,Compensation Analyst,399,error: undefined method `id' for nil:NilClass,9/2/2014,370
371,Lissy,Moulson,51,lmoulsonaa@php.net,Desktop Support Technician,708,error: undefined method `id' for nil:NilClass,11/2/2010,371
372,Jori,Firmager,48,jfirmagerab@123-reg.co.uk,Registered Nurse,749,error: undefined method `id' for nil:NilClass,6/6/2018,372
373,Kikelia,Osan,21,kosanac@edublogs.org,Developer IV,629,error: undefined method `id' for nil:NilClass,11/24/2019,373
374,Marve,Bearns,26,mbearnsad@apple.com,Office Assistant IV,392,error: undefined method `id' for nil:NilClass,10/22/2011,374
375,Stacee,Mellmer,32,smellmerae@google.com,Analyst Programmer,84,error: undefined method `id' for nil:NilClass,3/4/2015,375
376,Amii,Tournay,55,atournayaf@stumbleupon.com,Help Desk Technician,603,error: undefined method `id' for nil:NilClass,8/2/2013,376
377,Alvan,Goldstein,58,agoldsteinag@fda.gov,Clinical Specialist,612,error: undefined method `id' for nil:NilClass,4/14/2011,377
378,Stafford,Cote,41,scoteah@unc.edu,Paralegal,264,error: undefined method `id' for nil:NilClass,10/20/2018,378
379,Alfie,Tetsall,20,atetsallai@odnoklassniki.ru,Junior Executive,923,error: undefined method `id' for nil:NilClass,11/20/2018,379
380,Cindy,Rettie,40,crettieaj@tmall.com,Account Coordinator,323,error: undefined method `id' for nil:NilClass,8/17/2017,380
381,Karlis,Pinn,51,kpinnak@deviantart.com,Technical Writer,823,error: undefined method `id' for nil:NilClass,4/5/2013,381
382,Eimile,Edwardson,21,eedwardsonal@loc.gov,Nuclear Power Engineer,805,error: undefined method `id' for nil:NilClass,2/19/2016,382
383,Haleigh,Danilowicz,21,hdanilowiczam@guardian.co.uk,VP Sales,922,error: undefined method `id' for nil:NilClass,4/28/2021,383
384,Kain,Leyland,50,kleylandan@miibeian.gov.cn,Electrical Engineer,110,error: undefined method `id' for nil:NilClass,6/2/2021,384
385,Jonis,Kuhnhardt,24,jkuhnhardtao@facebook.com,Database Administrator III,722,error: undefined method `id' for nil:NilClass,6/21/2017,385
386,Jere,Spores,60,jsporesap@timesonline.co.uk,Programmer Analyst II,927,error: undefined method `id' for nil:NilClass,8/16/2013,386
387,Jasmin,Teasey,23,jteaseyaq@mozilla.com,Account Executive,353,error: undefined method `id' for nil:NilClass,7/17/2015,387
388,Pavel,Brum,43,pbrumar@shutterfly.com,Senior Financial Analyst,290,error: undefined method `id' for nil:NilClass,8/25/2017,388
389,Abeu,Skpsey,63,askpseyas@nhs.uk,Executive Secretary,130,error: undefined method `id' for nil:NilClass,8/23/2010,389
390,Matti,Aslett,24,maslettat@angelfire.com,Statistician II,598,error: undefined method `id' for nil:NilClass,5/14/2012,390
391,Kara,Andryushin,47,kandryushinau@google.de,Engineer II,608,error: undefined method `id' for nil:NilClass,8/9/2021,391
392,Sapphira,Astles,54,sastlesav@dmoz.org,Administrative Officer,371,error: undefined method `id' for nil:NilClass,7/14/2021,392
393,Mikkel,Krauze,51,mkrauzeaw@accuweather.com,Staff Accountant II,685,error: undefined method `id' for nil:NilClass,4/20/2013,393
394,Reggi,Keay,39,rkeayax@macromedia.com,Design Engineer,36,error: undefined method `id' for nil:NilClass,6/9/2010,394
395,Leodora,Dunk,42,ldunkay@twitpic.com,Senior Cost Accountant,435,error: undefined method `id' for nil:NilClass,5/28/2020,395
396,Michal,Wassell,61,mwassellaz@china.com.cn,Account Executive,79,error: undefined method `id' for nil:NilClass,10/23/2015,396
397,Maynard,Rebanks,59,mrebanksb0@cafepress.com,Chemical Engineer,839,error: undefined method `id' for nil:NilClass,11/10/2020,397
398,Berke,Oles,63,bolesb1@smugmug.com,Assistant Media Planner,334,error: undefined method `id' for nil:NilClass,2/11/2010,398
399,Janene,Casotti,40,jcasottib2@eepurl.com,Nurse Practicioner,298,error: undefined method `id' for nil:NilClass,2/16/2011,399
400,Guthry,Legen,43,glegenb3@wufoo.com,Geologist IV,702,error: undefined method `id' for nil:NilClass,8/11/2021,400
401,Torie,Faughny,27,tfaughnyb4@xrea.com,Account Executive,345,error: undefined method `id' for nil:NilClass,3/23/2014,401
402,Nahum,Oakenfall,50,noakenfallb5@canalblog.com,Human Resources Assistant III,900,error: undefined method `id' for nil:NilClass,4/26/2019,402
403,Kaitlyn,McHugh,29,kmchughb6@nyu.edu,Statistician IV,658,error: undefined method `id' for nil:NilClass,6/20/2016,403
404,Urbain,Kinvig,23,ukinvigb7@soundcloud.com,VP Marketing,536,error: undefined method `id' for nil:NilClass,8/26/2010,404
405,Catina,Saffe,45,csaffeb8@nsw.gov.au,Assistant Media Planner,896,error: undefined method `id' for nil:NilClass,6/21/2010,405
406,Darren,O'Fogerty,29,dofogertyb9@hp.com,Geological Engineer,645,error: undefined method `id' for nil:NilClass,11/29/2016,406
407,Kris,Mackney,32,kmackneyba@statcounter.com,Marketing Assistant,589,error: undefined method `id' for nil:NilClass,3/16/2017,407
408,Nicole,MacDunlevy,31,nmacdunlevybb@symantec.com,Pharmacist,304,error: undefined method `id' for nil:NilClass,10/11/2013,408
409,Elora,Riddick,25,eriddickbc@prweb.com,Clinical Specialist,189,error: undefined method `id' for nil:NilClass,2/15/2013,409
410,Davita,Wharf,20,dwharfbd@booking.com,VP Sales,632,error: undefined method `id' for nil:NilClass,1/9/2019,410
411,Blair,Ciotto,19,bciottobe@auda.org.au,GIS Technical Architect,136,error: undefined method `id' for nil:NilClass,7/17/2014,411
412,Tammie,Defew,51,tdefewbf@pinterest.com,Data Coordinator,98,error: undefined method `id' for nil:NilClass,1/21/2015,412
413,Annmaria,Hallt,23,ahalltbg@eepurl.com,Product Engineer,294,error: undefined method `id' for nil:NilClass,11/25/2021,413
414,Ashlee,Snalham,63,asnalhambh@multiply.com,Occupational Therapist,279,error: undefined method `id' for nil:NilClass,4/18/2019,414
415,Mab,Dilon,28,mdilonbi@china.com.cn,Director of Sales,295,error: undefined method `id' for nil:NilClass,9/25/2010,415
416,Marla,Caplis,21,mcaplisbj@springer.com,Nurse Practicioner,598,error: undefined method `id' for nil:NilClass,3/12/2012,416
417,Fleming,Bilyard,44,fbilyardbk@accuweather.com,Senior Sales Associate,578,error: undefined method `id' for nil:NilClass,1/31/2021,417
418,Brinna,Yabsley,25,byabsleybl@webeden.co.uk,Editor,587,error: undefined method `id' for nil:NilClass,2/28/2010,418
419,Shanon,Hacquel,30,shacquelbm@unc.edu,Information Systems Manager,76,error: undefined method `id' for nil:NilClass,8/2/2010,419
420,Ilka,Vitall,60,ivitallbn@dmoz.org,Editor,183,error: undefined method `id' for nil:NilClass,11/23/2012,420
421,Dorisa,Whenham,62,dwhenhambo@oakley.com,Actuary,242,error: undefined method `id' for nil:NilClass,7/31/2014,421
422,Rutherford,Hixley,20,rhixleybp@spiegel.de,Administrative Officer,715,error: undefined method `id' for nil:NilClass,4/12/2018,422
423,Amaleta,Wyldbore,42,awyldborebq@topsy.com,Internal Auditor,639,error: undefined method `id' for nil:NilClass,7/3/2015,423
424,Corabella,Cescon,42,ccesconbr@miibeian.gov.cn,Desktop Support Technician,574,error: undefined method `id' for nil:NilClass,9/27/2018,424
425,Gwen,Sholl,54,gshollbs@europa.eu,Mechanical Systems Engineer,964,error: undefined method `id' for nil:NilClass,4/16/2018,425
426,Erhard,Heale,28,ehealebt@goo.ne.jp,Marketing Assistant,364,error: undefined method `id' for nil:NilClass,6/18/2018,426
427,Ralina,Salvati,34,rsalvatibu@csmonitor.com,Mechanical Systems Engineer,921,error: undefined method `id' for nil:NilClass,9/24/2015,427
428,Deane,Gilfoy,50,dgilfoybv@seesaa.net,Financial Advisor,400,error: undefined method `id' for nil:NilClass,2/19/2010,428
429,Ardisj,Clowley,49,aclowleybw@amazonaws.com,Geological Engineer,837,error: undefined method `id' for nil:NilClass,9/4/2017,429
430,Carin,Ladbrooke,44,cladbrookebx@xing.com,Database Administrator IV,616,error: undefined method `id' for nil:NilClass,3/28/2017,430
431,Missy,Alexsandrev,39,malexsandrevby@statcounter.com,Speech Pathologist,622,error: undefined method `id' for nil:NilClass,10/26/2014,431
432,Rich,Franceschelli,56,rfranceschellibz@youtube.com,Staff Scientist,400,error: undefined method `id' for nil:NilClass,2/26/2020,432
433,Rebekah,Korlat,31,rkorlatc0@prlog.org,VP Accounting,10,error: undefined method `id' for nil:NilClass,5/24/2012,433
434,Gabriela,Le Franc,56,glefrancc1@woothemes.com,Junior Executive,150,error: undefined method `id' for nil:NilClass,8/1/2012,434
435,Diarmid,Artingstall,37,dartingstallc2@tripadvisor.com,Help Desk Technician,65,error: undefined method `id' for nil:NilClass,5/30/2021,435
436,Jule,Pooley,47,jpooleyc3@ihg.com,Internal Auditor,178,error: undefined method `id' for nil:NilClass,4/17/2015,436
437,Alaine,Cayle,26,acaylec4@squidoo.com,Executive Secretary,595,error: undefined method `id' for nil:NilClass,10/20/2014,437
438,Susana,Munns,65,smunnsc5@drupal.org,Environmental Specialist,184,error: undefined method `id' for nil:NilClass,1/14/2010,438
439,Rosina,Jentgens,47,rjentgensc6@narod.ru,Clinical Specialist,230,error: undefined method `id' for nil:NilClass,9/16/2011,439
440,Lotti,Hellen,53,lhellenc7@homestead.com,Quality Control Specialist,260,error: undefined method `id' for nil:NilClass,10/15/2021,440
441,Sherie,Strafen,21,sstrafenc8@imgur.com,Teacher,430,error: undefined method `id' for nil:NilClass,4/20/2016,441
442,Sylvan,Masters,49,smastersc9@constantcontact.com,VP Sales,170,error: undefined method `id' for nil:NilClass,8/27/2010,442
443,Roma,Chadbourn,53,rchadbournca@cargocollective.com,Nurse Practicioner,570,error: undefined method `id' for nil:NilClass,1/25/2016,443
444,Oswell,Grichukhanov,24,ogrichukhanovcb@un.org,Administrative Officer,554,error: undefined method `id' for nil:NilClass,7/4/2020,444
445,Massimiliano,Logsdail,64,mlogsdailcc@dmoz.org,Software Engineer IV,567,error: undefined method `id' for nil:NilClass,11/13/2021,445
446,Ignace,Bohlsen,38,ibohlsencd@woothemes.com,Tax Accountant,784,error: undefined method `id' for nil:NilClass,11/11/2010,446
447,Arlinda,Francescone,52,afrancesconece@fda.gov,Help Desk Operator,259,error: undefined method `id' for nil:NilClass,7/2/2018,447
448,Jojo,Beseke,35,jbesekecf@furl.net,Project Manager,875,error: undefined method `id' for nil:NilClass,11/28/2019,448
449,Lucretia,Hann,54,lhanncg@quantcast.com,GIS Technical Architect,436,error: undefined method `id' for nil:NilClass,10/15/2011,449
450,Reidar,McCane,36,rmccanech@amazonaws.com,Senior Developer,712,error: undefined method `id' for nil:NilClass,4/14/2016,450
451,Lyndell,Braine,32,lbraineci@ucla.edu,VP Product Management,856,error: undefined method `id' for nil:NilClass,11/26/2021,451
452,Gayla,Pothbury,24,gpothburycj@imdb.com,Design Engineer,89,error: undefined method `id' for nil:NilClass,1/30/2017,452
453,Delia,Crosetti,28,dcrosettick@whitehouse.gov,Health Coach II,13,error: undefined method `id' for nil:NilClass,11/29/2018,453
454,Bendick,Leng,28,blengcl@diigo.com,Environmental Tech,838,error: undefined method `id' for nil:NilClass,11/11/2018,454
455,Julissa,Peasegod,38,jpeasegodcm@pcworld.com,Electrical Engineer,481,error: undefined method `id' for nil:NilClass,7/2/2010,455
456,Dionne,Deeley,28,ddeeleycn@w3.org,Systems Administrator II,445,error: undefined method `id' for nil:NilClass,6/23/2019,456
457,Ambrosi,Romanetti,45,aromanettico@skyrock.com,Quality Control Specialist,675,error: undefined method `id' for nil:NilClass,11/29/2018,457
458,Dorelia,Tremlett,26,dtremlettcp@jugem.jp,Senior Quality Engineer,947,error: undefined method `id' for nil:NilClass,2/15/2019,458
459,Harriot,Streetfield,37,hstreetfieldcq@dell.com,Physical Therapy Assistant,614,error: undefined method `id' for nil:NilClass,3/10/2021,459
460,Jeannie,Clavey,18,jclaveycr@bloomberg.com,Civil Engineer,738,error: undefined method `id' for nil:NilClass,10/28/2021,460
461,Gerta,Giovanni,46,ggiovannics@latimes.com,Budget/Accounting Analyst III,949,error: undefined method `id' for nil:NilClass,12/3/2017,461
462,Whitney,Blankley,21,wblankleyct@is.gd,Sales Representative,81,error: undefined method `id' for nil:NilClass,1/19/2015,462
463,Kenon,Dantesia,22,kdantesiacu@w3.org,Quality Control Specialist,499,error: undefined method `id' for nil:NilClass,12/8/2015,463
464,Cortie,Duckerin,57,cduckerincv@cafepress.com,Biostatistician IV,591,error: undefined method `id' for nil:NilClass,3/12/2014,464
465,Julietta,Chappelle,23,jchappellecw@dot.gov,Information Systems Manager,344,error: undefined method `id' for nil:NilClass,8/8/2019,465
466,Yehudi,Van den Hof,56,yvandenhofcx@t-online.de,VP Accounting,191,error: undefined method `id' for nil:NilClass,6/29/2010,466
467,Bondy,Aikett,24,baikettcy@nba.com,Media Manager I,24,error: undefined method `id' for nil:NilClass,10/14/2016,467
468,Frederic,Cammomile,18,fcammomilecz@fotki.com,Actuary,812,error: undefined method `id' for nil:NilClass,5/5/2011,468
469,Barthel,Fairbrass,58,bfairbrassd0@eventbrite.com,Database Administrator II,408,error: undefined method `id' for nil:NilClass,3/9/2017,469
470,Pru,Paolinelli,20,ppaolinellid1@usgs.gov,Internal Auditor,833,error: undefined method `id' for nil:NilClass,7/28/2011,470
471,Richmond,Checketts,61,rcheckettsd2@com.com,Research Nurse,132,error: undefined method `id' for nil:NilClass,12/7/2012,471
472,Jesselyn,MacCosto,42,jmaccostod3@mail.ru,Recruiter,119,error: undefined method `id' for nil:NilClass,5/4/2011,472
473,Hatti,Usher,46,husherd4@scribd.com,Help Desk Operator,261,error: undefined method `id' for nil:NilClass,7/9/2019,473
474,Abbot,Tudball,63,atudballd5@gmpg.org,Software Engineer I,557,error: undefined method `id' for nil:NilClass,3/14/2021,474
475,Courtenay,Licciardi,52,clicciardid6@w3.org,Systems Administrator I,263,error: undefined method `id' for nil:NilClass,12/17/2011,475
476,Sindee,Delves,57,sdelvesd7@indiatimes.com,Computer Systems Analyst II,36,error: undefined method `id' for nil:NilClass,3/6/2017,476
477,Miof mela,Stephens,42,mstephensd8@mapy.cz,Database Administrator II,556,error: undefined method `id' for nil:NilClass,6/28/2021,477
478,Livy,Canedo,23,lcanedod9@youtube.com,Paralegal,90,error: undefined method `id' for nil:NilClass,11/1/2018,478
479,Evaleen,Kocher,36,ekocherda@webnode.com,Research Nurse,510,error: undefined method `id' for nil:NilClass,5/1/2010,479
480,Gigi,Slatten,25,gslattendb@mozilla.org,Senior Editor,468,error: undefined method `id' for nil:NilClass,4/29/2014,480
481,Roy,Messier,53,rmessierdc@yahoo.com,Information Systems Manager,514,error: undefined method `id' for nil:NilClass,12/23/2013,481
482,Corney,Dulieu,46,cdulieudd@stumbleupon.com,Systems Administrator II,522,error: undefined method `id' for nil:NilClass,5/16/2014,482
483,Lucienne,Fosbraey,38,lfosbraeyde@ucla.edu,Occupational Therapist,97,error: undefined method `id' for nil:NilClass,11/25/2015,483
484,Angeline,Bazire,29,abaziredf@pbs.org,Chemical Engineer,50,error: undefined method `id' for nil:NilClass,6/19/2020,484
485,Fay,Clive,56,fclivedg@netvibes.com,Speech Pathologist,213,error: undefined method `id' for nil:NilClass,10/22/2014,485
486,Laurel,Carville,21,lcarvilledh@sciencedaily.com,Office Assistant IV,586,error: undefined method `id' for nil:NilClass,9/21/2021,486
487,Renato,Gregolin,55,rgregolindi@godaddy.com,Internal Auditor,487,error: undefined method `id' for nil:NilClass,8/28/2020,487
488,Gordon,Mateescu,60,gmateescudj@issuu.com,Environmental Specialist,453,error: undefined method `id' for nil:NilClass,8/22/2014,488
489,Devlen,Croser,44,dcroserdk@about.me,Health Coach II,727,error: undefined method `id' for nil:NilClass,10/23/2010,489
490,Hugibert,Mulhall,37,hmulhalldl@nydailynews.com,Assistant Media Planner,251,error: undefined method `id' for nil:NilClass,7/7/2011,490
491,Gabriella,Antonsson,32,gantonssondm@themeforest.net,Research Nurse,363,error: undefined method `id' for nil:NilClass,9/1/2014,491
492,Francois,Reddin,34,freddindn@globo.com,Speech Pathologist,119,error: undefined method `id' for nil:NilClass,11/25/2018,492
493,Caresa,McPaike,59,cmcpaikedo@uol.com.br,Accountant I,11,error: undefined method `id' for nil:NilClass,11/27/2014,493
494,Lian,Peniello,46,lpeniellodp@sun.com,Business Systems Development Analyst,682,error: undefined method `id' for nil:NilClass,1/8/2013,494
495,Granville,Kuschek,50,gkuschekdq@topsy.com,Nurse,483,error: undefined method `id' for nil:NilClass,1/20/2014,495
496,Hildegaard,O'Fogarty,23,hofogartydr@wikimedia.org,General Manager,737,error: undefined method `id' for nil:NilClass,10/11/2021,496
497,Seward,Gallegos,61,sgallegosds@nytimes.com,Computer Systems Analyst III,434,error: undefined method `id' for nil:NilClass,4/10/2015,497
498,Brewer,Eustice,50,beusticedt@archive.org,Information Systems Manager,503,error: undefined method `id' for nil:NilClass,8/13/2017,498
499,Erhart,Uc,20,eucdu@hp.com,Operator,927,error: undefined method `id' for nil:NilClass,3/20/2018,499
500,Melisa,Gaskoin,33,mgaskoindv@gravatar.com,Junior Executive,861,error: undefined method `id' for nil:NilClass,4/28/2020,500
501,Andee,Brandsma,59,abrandsmadw@huffingtonpost.com,Assistant Media Planner,53,error: undefined method `id' for nil:NilClass,7/13/2011,501
502,Archie,McGebenay,41,amcgebenaydx@creativecommons.org,Research Nurse,307,error: undefined method `id' for nil:NilClass,11/20/2017,502
503,Blake,Skamal,55,bskamaldy@etsy.com,Account Executive,573,error: undefined method `id' for nil:NilClass,4/16/2015,503
504,Iseabal,Davitti,37,idavittidz@nbcnews.com,Computer Systems Analyst IV,117,error: undefined method `id' for nil:NilClass,8/2/2011,504
505,Tanitansy,Purseglove,39,tpurseglovee0@meetup.com,Financial Advisor,431,error: undefined method `id' for nil:NilClass,6/5/2017,505
506,Marilin,Ludwikiewicz,54,mludwikiewicze1@cocolog-nifty.com,Software Consultant,990,error: undefined method `id' for nil:NilClass,1/26/2020,506
507,Coretta,Dannett,51,cdannette2@fc2.com,Research Assistant III,128,error: undefined method `id' for nil:NilClass,12/17/2019,507
508,Fanny,Rubinlicht,19,frubinlichte3@seattletimes.com,Operator,904,error: undefined method `id' for nil:NilClass,2/13/2016,508
509,Nolie,Bragginton,38,nbraggintone4@parallels.com,Marketing Assistant,587,error: undefined method `id' for nil:NilClass,2/9/2018,509
510,Anni,Keme,55,akemee5@lycos.com,Software Consultant,86,error: undefined method `id' for nil:NilClass,9/26/2019,510
511,Reidar,Severns,18,rsevernse6@pbs.org,Information Systems Manager,716,error: undefined method `id' for nil:NilClass,10/11/2011,511
512,Pepe,Bowton,51,pbowtone7@earthlink.net,Nurse,311,error: undefined method `id' for nil:NilClass,1/29/2019,512
513,Yurik,Hartshorne,20,yhartshornee8@businessinsider.com,Paralegal,199,error: undefined method `id' for nil:NilClass,7/24/2020,513
514,Mikaela,Moroney,24,mmoroneye9@youtube.com,Executive Secretary,879,error: undefined method `id' for nil:NilClass,10/30/2020,514
515,Hendrik,Eggins,44,hegginsea@washington.edu,Research Nurse,545,error: undefined method `id' for nil:NilClass,8/28/2021,515
516,Brendin,Baggot,46,bbaggoteb@buzzfeed.com,Business Systems Development Analyst,671,error: undefined method `id' for nil:NilClass,12/26/2021,516
517,Keene,Woodward,51,kwoodwardec@nature.com,Programmer Analyst III,781,error: undefined method `id' for nil:NilClass,4/24/2017,517
518,Lauren,Alcott,47,lalcotted@ted.com,Quality Control Specialist,455,error: undefined method `id' for nil:NilClass,12/20/2016,518
519,Brade,Korb,61,bkorbee@infoseek.co.jp,Accountant III,586,error: undefined method `id' for nil:NilClass,8/11/2017,519
520,Helge,Keddey,47,hkeddeyef@hibu.com,Database Administrator III,197,error: undefined method `id' for nil:NilClass,5/3/2011,520
521,Culley,Dispencer,35,cdispencereg@alexa.com,Food Chemist,748,error: undefined method `id' for nil:NilClass,9/19/2021,521
522,Ericha,Smoughton,21,esmoughtoneh@51.la,Analyst Programmer,551,error: undefined method `id' for nil:NilClass,2/16/2010,522
523,Dolores,Duiguid,50,dduiguidei@blogs.com,Environmental Specialist,869,error: undefined method `id' for nil:NilClass,7/28/2015,523
524,Collie,Menloe,46,cmenloeej@t-online.de,VP Product Management,630,error: undefined method `id' for nil:NilClass,3/12/2021,524
525,Nevins,Durker,28,ndurkerek@washingtonpost.com,Speech Pathologist,138,error: undefined method `id' for nil:NilClass,10/5/2012,525
526,Giffie,Chell,29,gchellel@linkedin.com,VP Quality Control,706,error: undefined method `id' for nil:NilClass,2/4/2011,526
527,Judie,Dearness,26,jdearnessem@jiathis.com,VP Accounting,871,error: undefined method `id' for nil:NilClass,10/14/2020,527
528,Annetta,Dods,31,adodsen@aol.com,Senior Editor,323,error: undefined method `id' for nil:NilClass,4/6/2011,528
529,Robyn,Milbank,58,rmilbankeo@cmu.edu,Office Assistant II,623,error: undefined method `id' for nil:NilClass,4/12/2021,529
530,Aldridge,Churches,60,achurchesep@bizjournals.com,Developer I,513,error: undefined method `id' for nil:NilClass,10/24/2010,530
531,Talbert,Laban,18,tlabaneq@dmoz.org,Clinical Specialist,49,error: undefined method `id' for nil:NilClass,8/4/2010,531
532,Andy,Garling,23,agarlinger@1und1.de,Senior Developer,497,error: undefined method `id' for nil:NilClass,9/18/2017,532
533,Lemmie,Buie,45,lbuiees@auda.org.au,Assistant Media Planner,321,error: undefined method `id' for nil:NilClass,5/1/2017,533
534,Deerdre,Robardet,52,drobardetet@prweb.com,Senior Quality Engineer,223,error: undefined method `id' for nil:NilClass,10/15/2020,534
535,Abey,Faltin,45,afaltineu@nhs.uk,VP Sales,229,error: undefined method `id' for nil:NilClass,2/24/2010,535
536,My,Biggs,49,mbiggsev@smh.com.au,Internal Auditor,175,error: undefined method `id' for nil:NilClass,4/19/2013,536
537,Zechariah,Brand,56,zbrandew@utexas.edu,Clinical Specialist,707,error: undefined method `id' for nil:NilClass,9/29/2012,537
538,Sutherland,Smitheman,31,ssmithemanex@netscape.com,Recruiting Manager,107,error: undefined method `id' for nil:NilClass,4/14/2016,538
539,Rosalyn,Bursnoll,46,rbursnolley@cyberchimps.com,Director of Sales,425,error: undefined method `id' for nil:NilClass,3/19/2021,539
540,Gertrud,Ivashinnikov,48,givashinnikovez@chron.com,Administrative Assistant II,116,error: undefined method `id' for nil:NilClass,5/30/2017,540
541,Janie,Mooring,52,jmooringf0@sakura.ne.jp,Biostatistician III,874,error: undefined method `id' for nil:NilClass,6/14/2020,541
542,Babs,Slimm,19,bslimmf1@pen.io,Research Associate,252,error: undefined method `id' for nil:NilClass,8/3/2010,542
543,Stefania,Seagar,63,sseagarf2@home.pl,Office Assistant IV,957,error: undefined method `id' for nil:NilClass,7/11/2012,543
544,Shawnee,Cockton,25,scocktonf3@java.com,Software Test Engineer III,140,error: undefined method `id' for nil:NilClass,7/23/2010,544
545,Olin,Talton,65,otaltonf4@admin.ch,Budget/Accounting Analyst IV,618,error: undefined method `id' for nil:NilClass,1/30/2019,545
546,Torrie,Giercke,25,tgierckef5@shutterfly.com,Structural Analysis Engineer,137,error: undefined method `id' for nil:NilClass,3/12/2016,546
547,Basile,Rooper,54,brooperf6@blogs.com,Research Nurse,967,error: undefined method `id' for nil:NilClass,11/25/2010,547
548,Fidole,Bundy,55,fbundyf7@latimes.com,Operator,288,error: undefined method `id' for nil:NilClass,10/17/2010,548
549,Timofei,Sturges,54,tsturgesf8@pagesperso-orange.fr,Software Engineer III,863,error: undefined method `id' for nil:NilClass,3/27/2010,549
550,Frank,Waple,18,fwaplef9@wikispaces.com,Nuclear Power Engineer,7,error: undefined method `id' for nil:NilClass,3/29/2012,550
551,Madelle,Canti,42,mcantifa@hubpages.com,Accounting Assistant II,432,error: undefined method `id' for nil:NilClass,6/30/2011,551
552,Krista,Hacard,58,khacardfb@sciencedirect.com,Food Chemist,64,error: undefined method `id' for nil:NilClass,1/10/2016,552
553,Benedetta,Marquiss,62,bmarquissfc@tiny.cc,Budget/Accounting Analyst I,999,error: undefined method `id' for nil:NilClass,9/27/2019,553
554,Larisa,Krimmer,28,lkrimmerfd@statcounter.com,Actuary,640,error: undefined method `id' for nil:NilClass,2/5/2019,554
555,Vernen,Veazey,27,vveazeyfe@blogtalkradio.com,Account Coordinator,162,error: undefined method `id' for nil:NilClass,1/25/2011,555
556,Prescott,Quenby,62,pquenbyff@bizjournals.com,Office Assistant I,932,error: undefined method `id' for nil:NilClass,12/8/2013,556
557,Nona,Hebard,46,nhebardfg@tmall.com,Recruiter,610,error: undefined method `id' for nil:NilClass,1/18/2017,557
558,Tomaso,Guinness,27,tguinnessfh@shutterfly.com,VP Product Management,464,error: undefined method `id' for nil:NilClass,4/4/2015,558
559,Randell,Lygoe,49,rlygoefi@archive.org,Senior Editor,86,error: undefined method `id' for nil:NilClass,3/10/2021,559
560,Tuck,Wildman,33,twildmanfj@1und1.de,Senior Developer,222,error: undefined method `id' for nil:NilClass,8/23/2010,560
561,Emma,Goodliffe,23,egoodliffefk@naver.com,Accounting Assistant II,965,error: undefined method `id' for nil:NilClass,11/15/2020,561
562,Barde,Covil,62,bcovilfl@moonfruit.com,Account Representative III,194,error: undefined method `id' for nil:NilClass,12/5/2010,562
563,Billye,Shervil,64,bshervilfm@tripadvisor.com,Legal Assistant,387,error: undefined method `id' for nil:NilClass,5/23/2010,563
564,Eduardo,Bartolozzi,43,ebartolozzifn@wordpress.com,Human Resources Manager,60,error: undefined method `id' for nil:NilClass,8/21/2020,564
565,Giacomo,Slessor,47,gslessorfo@shutterfly.com,Research Assistant III,459,error: undefined method `id' for nil:NilClass,8/8/2013,565
566,Paten,Perrat,61,pperratfp@github.com,Account Executive,403,error: undefined method `id' for nil:NilClass,10/27/2010,566
567,Oralee,Tanguy,18,otanguyfq@deviantart.com,Cost Accountant,413,error: undefined method `id' for nil:NilClass,6/24/2011,567
568,Vonnie,Hallihan,28,vhallihanfr@yandex.ru,Civil Engineer,438,error: undefined method `id' for nil:NilClass,9/13/2015,568
569,Manny,Casacchia,38,mcasacchiafs@youtu.be,Safety Technician III,80,error: undefined method `id' for nil:NilClass,3/28/2014,569
570,Taylor,Raden,20,tradenft@ucoz.com,Programmer IV,916,error: undefined method `id' for nil:NilClass,12/11/2015,570
571,Roxi,Spera,31,rsperafu@yahoo.co.jp,Financial Analyst,704,error: undefined method `id' for nil:NilClass,4/18/2019,571
572,Jennica,Pitney,57,jpitneyfv@webeden.co.uk,Marketing Manager,401,error: undefined method `id' for nil:NilClass,3/21/2013,572
573,Eartha,Farndon,33,efarndonfw@salon.com,VP Sales,835,error: undefined method `id' for nil:NilClass,3/12/2013,573
574,Dorette,Lauritsen,22,dlauritsenfx@bbc.co.uk,Budget/Accounting Analyst II,431,error: undefined method `id' for nil:NilClass,8/16/2019,574
575,Candi,Posthill,42,cposthillfy@si.edu,Sales Associate,442,error: undefined method `id' for nil:NilClass,6/21/2011,575
576,Romona,Hordle,65,rhordlefz@soup.io,Operator,542,error: undefined method `id' for nil:NilClass,6/19/2019,576
577,Doria,Harniman,46,dharnimang0@who.int,Programmer IV,885,error: undefined method `id' for nil:NilClass,8/28/2017,577
578,Jackquelin,Ionn,33,jionng1@auda.org.au,Analog Circuit Design manager,81,error: undefined method `id' for nil:NilClass,11/27/2018,578
579,Worth,Fluin,36,wfluing2@about.me,GIS Technical Architect,633,error: undefined method `id' for nil:NilClass,11/8/2014,579
580,Falito,Coddrington,34,fcoddringtong3@histats.com,Quality Engineer,664,error: undefined method `id' for nil:NilClass,6/15/2020,580
581,Glory,Minmagh,27,gminmaghg4@ovh.net,Structural Analysis Engineer,872,error: undefined method `id' for nil:NilClass,12/10/2013,581
582,Barnaby,Priddie,47,bpriddieg5@ft.com,Senior Developer,11,error: undefined method `id' for nil:NilClass,7/27/2010,582
583,Leontyne,Millard,46,lmillardg6@flickr.com,Social Worker,324,error: undefined method `id' for nil:NilClass,9/14/2018,583
584,Adrienne,Jurkowski,24,ajurkowskig7@cdbaby.com,Administrative Officer,32,error: undefined method `id' for nil:NilClass,4/8/2021,584
585,Gladys,Guterson,55,ggutersong8@freewebs.com,Information Systems Manager,375,error: undefined method `id' for nil:NilClass,1/1/2016,585
586,Montague,Hasselby,25,mhasselbyg9@vistaprint.com,Administrative Officer,731,error: undefined method `id' for nil:NilClass,3/30/2020,586
587,Ally,Fernao,33,afernaoga@psu.edu,Editor,178,error: undefined method `id' for nil:NilClass,6/29/2010,587
588,Stephine,Stean,26,ssteangb@army.mil,Operator,863,error: undefined method `id' for nil:NilClass,5/16/2017,588
589,Collie,Pydcock,40,cpydcockgc@ameblo.jp,Cost Accountant,625,error: undefined method `id' for nil:NilClass,11/2/2015,589
590,Natasha,Pea,56,npeagd@icq.com,Automation Specialist II,489,error: undefined method `id' for nil:NilClass,6/27/2019,590
591,Bertie,Bridges,36,bbridgesge@eventbrite.com,Pharmacist,842,error: undefined method `id' for nil:NilClass,12/11/2010,591
592,Clay,Scapens,56,cscapensgf@engadget.com,Analyst Programmer,474,error: undefined method `id' for nil:NilClass,3/25/2013,592
593,Perice,Parley,51,pparleygg@i2i.jp,Software Test Engineer IV,882,error: undefined method `id' for nil:NilClass,7/27/2012,593
594,Eamon,Afonso,39,eafonsogh@dmoz.org,Software Test Engineer II,847,error: undefined method `id' for nil:NilClass,5/26/2010,594
595,Allina,Ruggs,50,aruggsgi@apache.org,Environmental Specialist,350,error: undefined method `id' for nil:NilClass,5/30/2012,595
596,Renata,Petracci,51,rpetraccigj@de.vu,Social Worker,71,error: undefined method `id' for nil:NilClass,9/12/2016,596
597,Kinsley,Farlamb,38,kfarlambgk@freewebs.com,Chemical Engineer,167,error: undefined method `id' for nil:NilClass,10/27/2010,597
598,Velvet,Bachelar,45,vbachelargl@seattletimes.com,Quality Control Specialist,730,error: undefined method `id' for nil:NilClass,5/1/2010,598
599,Bev,McMichael,20,bmcmichaelgm@nbcnews.com,Analyst Programmer,427,error: undefined method `id' for nil:NilClass,12/12/2012,599
600,Daphna,Germon,34,dgermongn@ft.com,Junior Executive,499,error: undefined method `id' for nil:NilClass,1/6/2015,600
601,Dolli,McPhee,18,dmcpheego@imgur.com,Research Associate,333,error: undefined method `id' for nil:NilClass,3/8/2019,601
602,Toni,Krink,44,tkrinkgp@alexa.com,Food Chemist,223,error: undefined method `id' for nil:NilClass,8/25/2021,602
603,Agnella,Allabarton,46,aallabartongq@tamu.edu,GIS Technical Architect,235,error: undefined method `id' for nil:NilClass,10/25/2011,603
604,Enid,Halling,24,ehallinggr@paginegialle.it,Assistant Manager,632,error: undefined method `id' for nil:NilClass,2/8/2021,604
605,Zondra,Asman,43,zasmangs@cbslocal.com,Software Engineer IV,731,error: undefined method `id' for nil:NilClass,4/17/2018,605
606,Celinda,Henlon,23,chenlongt@cbc.ca,Paralegal,412,error: undefined method `id' for nil:NilClass,2/7/2021,606
607,Ricoriki,Talbot,20,rtalbotgu@blinklist.com,Community Outreach Specialist,198,error: undefined method `id' for nil:NilClass,4/28/2013,607
608,Hendrik,Nower,58,hnowergv@mit.edu,Geologist IV,239,error: undefined method `id' for nil:NilClass,7/27/2021,608
609,Wainwright,Cristea,34,wcristeagw@dailymotion.com,Web Developer IV,882,error: undefined method `id' for nil:NilClass,12/29/2020,609
610,Lowell,Pagon,25,lpagongx@mac.com,Software Engineer III,361,error: undefined method `id' for nil:NilClass,11/30/2011,610
611,Cate,Pietrowski,27,cpietrowskigy@posterous.com,Executive Secretary,387,error: undefined method `id' for nil:NilClass,6/17/2017,611
612,Arden,Scarsbrook,40,ascarsbrookgz@simplemachines.org,Account Coordinator,645,error: undefined method `id' for nil:NilClass,6/24/2020,612
613,Jocelyne,Weatherill,29,jweatherillh0@naver.com,Financial Advisor,755,error: undefined method `id' for nil:NilClass,6/28/2017,613
614,Jefferey,Morman,29,jmormanh1@creativecommons.org,Project Manager,368,error: undefined method `id' for nil:NilClass,4/3/2011,614
615,Dag,Ackerley,35,dackerleyh2@statcounter.com,Recruiting Manager,921,error: undefined method `id' for nil:NilClass,10/30/2019,615
616,Shalom,Whiles,46,swhilesh3@gnu.org,Chief Design Engineer,578,error: undefined method `id' for nil:NilClass,4/23/2015,616
617,Friedrich,Durham,21,fdurhamh4@dyndns.org,Programmer Analyst III,197,error: undefined method `id' for nil:NilClass,5/4/2017,617
618,Melesa,Torricella,58,mtorricellah5@un.org,Assistant Professor,450,error: undefined method `id' for nil:NilClass,4/30/2019,618
619,Leanora,Trigwell,24,ltrigwellh6@psu.edu,Operator,585,error: undefined method `id' for nil:NilClass,5/10/2012,619
620,Gill,Puckett,57,gpucketth7@merriam-webster.com,Civil Engineer,333,error: undefined method `id' for nil:NilClass,10/22/2014,620
621,Giselbert,Smitton,60,gsmittonh8@storify.com,Marketing Manager,68,error: undefined method `id' for nil:NilClass,1/2/2018,621
622,Godiva,Alasdair,22,galasdairh9@themeforest.net,Compensation Analyst,293,error: undefined method `id' for nil:NilClass,2/15/2013,622
623,Raymund,Kerkham,24,rkerkhamha@acquirethisname.com,Electrical Engineer,837,error: undefined method `id' for nil:NilClass,1/31/2019,623
624,Muffin,Bedlington,44,mbedlingtonhb@bbb.org,Health Coach III,145,error: undefined method `id' for nil:NilClass,10/8/2013,624
625,Norry,Kidsley,25,nkidsleyhc@rediff.com,Database Administrator II,134,error: undefined method `id' for nil:NilClass,3/23/2016,625
626,Fergus,Fadian,41,ffadianhd@theatlantic.com,Statistician II,68,error: undefined method `id' for nil:NilClass,5/28/2010,626
627,Sally,Usher,40,susherhe@geocities.jp,Systems Administrator IV,115,error: undefined method `id' for nil:NilClass,9/27/2011,627
628,Bethena,Bortolutti,53,bbortoluttihf@wikispaces.com,Senior Quality Engineer,744,error: undefined method `id' for nil:NilClass,4/3/2012,628
629,Svend,Schurcke,49,sschurckehg@yahoo.com,Administrative Officer,564,error: undefined method `id' for nil:NilClass,9/29/2017,629
630,Brandon,Gerlack,27,bgerlackhh@msu.edu,Quality Control Specialist,215,error: undefined method `id' for nil:NilClass,8/18/2010,630
631,Michal,Camus,51,mcamushi@lycos.com,Safety Technician II,100,error: undefined method `id' for nil:NilClass,10/12/2011,631
632,Merrie,Mardoll,26,mmardollhj@noaa.gov,Automation Specialist II,892,error: undefined method `id' for nil:NilClass,8/10/2016,632
633,Dan,Beumant,54,dbeumanthk@ehow.com,Data Coordinator,410,error: undefined method `id' for nil:NilClass,9/9/2012,633
634,Bobette,Volks,39,bvolkshl@blogtalkradio.com,Tax Accountant,442,error: undefined method `id' for nil:NilClass,3/31/2017,634
635,Meggie,Tierney,63,mtierneyhm@purevolume.com,Financial Analyst,802,error: undefined method `id' for nil:NilClass,10/18/2015,635
636,Skip,Druce,53,sdrucehn@angelfire.com,Staff Scientist,709,error: undefined method `id' for nil:NilClass,2/9/2019,636
637,Eleni,Loxston,45,eloxstonho@sciencedaily.com,Geological Engineer,275,error: undefined method `id' for nil:NilClass,2/24/2018,637
638,Birgit,Creaven,60,bcreavenhp@oakley.com,Software Test Engineer I,341,error: undefined method `id' for nil:NilClass,10/1/2010,638
639,Humphrey,Ulster,51,hulsterhq@google.com.au,Assistant Media Planner,868,error: undefined method `id' for nil:NilClass,12/3/2014,639
640,Roy,Janney,63,rjanneyhr@goo.gl,Pharmacist,198,error: undefined method `id' for nil:NilClass,11/20/2021,640
641,Joscelin,Belhomme,28,jbelhommehs@creativecommons.org,General Manager,731,error: undefined method `id' for nil:NilClass,10/12/2012,641
642,Wally,Noot,37,wnootht@alexa.com,Civil Engineer,281,error: undefined method `id' for nil:NilClass,5/27/2017,642
643,Rayshell,Turner,49,rturnerhu@mayoclinic.com,Senior Editor,112,error: undefined method `id' for nil:NilClass,5/21/2012,643
644,Lacee,Swate,33,lswatehv@lulu.com,Payment Adjustment Coordinator,950,error: undefined method `id' for nil:NilClass,10/30/2018,644
645,Trent,Gemson,60,tgemsonhw@comcast.net,Quality Control Specialist,614,error: undefined method `id' for nil:NilClass,11/16/2013,645
646,Harry,Riggeard,46,hriggeardhx@youtube.com,Computer Systems Analyst I,642,error: undefined method `id' for nil:NilClass,10/9/2017,646
647,Thibaud,Baddoe,46,tbaddoehy@dion.ne.jp,Human Resources Manager,103,error: undefined method `id' for nil:NilClass,3/24/2013,647
648,Sal,Harbottle,31,sharbottlehz@irs.gov,Payment Adjustment Coordinator,666,error: undefined method `id' for nil:NilClass,12/24/2021,648
649,Malachi,Halgarth,60,mhalgarthi0@bing.com,Information Systems Manager,748,error: undefined method `id' for nil:NilClass,11/30/2014,649
650,Kylie,D'eye,26,kdeyei1@phpbb.com,Senior Financial Analyst,971,error: undefined method `id' for nil:NilClass,3/28/2015,650
651,Ram,Lummis,39,rlummisi2@google.com.hk,Budget/Accounting Analyst III,231,error: undefined method `id' for nil:NilClass,6/20/2019,651
652,Chrissy,Toby,34,ctobyi3@hibu.com,Project Manager,91,error: undefined method `id' for nil:NilClass,10/23/2011,652
653,Rip,McBrady,65,rmcbradyi4@techcrunch.com,Programmer IV,512,error: undefined method `id' for nil:NilClass,4/11/2012,653
654,Auguste,Bourton,55,abourtoni5@washingtonpost.com,VP Sales,647,error: undefined method `id' for nil:NilClass,8/27/2014,654
655,Wilburt,Stedall,49,wstedalli6@rambler.ru,Payment Adjustment Coordinator,520,error: undefined method `id' for nil:NilClass,5/14/2013,655
656,Trevor,MacCurlye,45,tmaccurlyei7@state.gov,Recruiting Manager,205,error: undefined method `id' for nil:NilClass,5/15/2011,656
657,Devlin,Tapp,41,dtappi8@netlog.com,Community Outreach Specialist,404,error: undefined method `id' for nil:NilClass,3/22/2020,657
658,Kali,Drance,46,kdrancei9@soup.io,Software Test Engineer II,186,error: undefined method `id' for nil:NilClass,9/14/2011,658
659,Maurise,Treneer,34,mtreneeria@hibu.com,Speech Pathologist,580,error: undefined method `id' for nil:NilClass,12/4/2019,659
660,Hermon,Bleythin,41,hbleythinib@163.com,Chief Design Engineer,238,error: undefined method `id' for nil:NilClass,10/18/2018,660
661,Garreth,Ramsdale,26,gramsdaleic@theguardian.com,Help Desk Operator,458,error: undefined method `id' for nil:NilClass,6/18/2013,661
662,Darline,Spelwood,61,dspelwoodid@ustream.tv,Junior Executive,22,error: undefined method `id' for nil:NilClass,7/6/2016,662
663,Gaven,Ginnety,25,gginnetyie@newsvine.com,Teacher,855,error: undefined method `id' for nil:NilClass,10/18/2018,663
664,Nevsa,Straneo,53,nstraneoif@nbcnews.com,Occupational Therapist,361,error: undefined method `id' for nil:NilClass,10/5/2018,664
665,Elinor,Springham,45,espringhamig@forbes.com,Payment Adjustment Coordinator,328,error: undefined method `id' for nil:NilClass,9/18/2021,665
666,Simonne,Loraine,19,sloraineih@vinaora.com,Web Designer II,117,error: undefined method `id' for nil:NilClass,10/15/2021,666
667,Hartwell,Glencrosche,29,hglencroscheii@photobucket.com,Financial Advisor,959,error: undefined method `id' for nil:NilClass,5/7/2011,667
668,Nicolis,Records,42,nrecordsij@usatoday.com,Nurse Practicioner,882,error: undefined method `id' for nil:NilClass,1/15/2018,668
669,Fiona,Bariball,51,fbariballik@amazon.com,Assistant Professor,548,error: undefined method `id' for nil:NilClass,7/11/2014,669
670,Delinda,Clyne,57,dclyneil@ovh.net,Senior Sales Associate,594,error: undefined method `id' for nil:NilClass,4/1/2011,670
671,Kary,Pinnick,57,kpinnickim@irs.gov,Financial Advisor,443,error: undefined method `id' for nil:NilClass,2/28/2017,671
672,Brenna,Crowd,27,bcrowdin@spotify.com,Food Chemist,771,error: undefined method `id' for nil:NilClass,11/16/2011,672
673,Jase,Allridge,21,jallridgeio@hc360.com,Programmer II,794,error: undefined method `id' for nil:NilClass,6/13/2015,673
674,Pepita,Humm,24,phummip@t-online.de,Research Nurse,20,error: undefined method `id' for nil:NilClass,9/29/2012,674
675,Danica,Ewbanche,51,dewbancheiq@clickbank.net,VP Sales,838,error: undefined method `id' for nil:NilClass,11/1/2013,675
676,Isak,Patient,59,ipatientir@1und1.de,Physical Therapy Assistant,114,error: undefined method `id' for nil:NilClass,3/8/2017,676
677,Julienne,Ruffy,36,jruffyis@hexun.com,Senior Developer,599,error: undefined method `id' for nil:NilClass,3/15/2020,677
678,Othella,Duinbleton,42,oduinbletonit@ucoz.com,Senior Cost Accountant,692,error: undefined method `id' for nil:NilClass,8/23/2017,678
679,Latrena,Skuce,62,lskuceiu@yellowpages.com,Database Administrator I,363,error: undefined method `id' for nil:NilClass,2/6/2018,679
680,Hynda,Lovejoy,51,hlovejoyiv@google.com.hk,Account Executive,629,error: undefined method `id' for nil:NilClass,8/12/2013,680
681,Collette,Jago,46,cjagoiw@vk.com,Project Manager,548,error: undefined method `id' for nil:NilClass,10/12/2012,681
682,Ricoriki,Vennard,33,rvennardix@weebly.com,Speech Pathologist,939,error: undefined method `id' for nil:NilClass,3/10/2016,682
683,Lamar,Lightowler,31,llightowleriy@umn.edu,Graphic Designer,297,error: undefined method `id' for nil:NilClass,10/8/2016,683
684,Mae,Haddrill,32,mhaddrilliz@cpanel.net,Software Test Engineer IV,556,error: undefined method `id' for nil:NilClass,2/4/2016,684
685,Katie,MacNelly,63,kmacnellyj0@cocolog-nifty.com,Help Desk Technician,513,error: undefined method `id' for nil:NilClass,5/14/2017,685
686,Debbie,Breitling,39,dbreitlingj1@51.la,Pharmacist,534,error: undefined method `id' for nil:NilClass,3/9/2014,686
687,Gayle,Crosetti,39,gcrosettij2@japanpost.jp,Data Coordinator,854,error: undefined method `id' for nil:NilClass,9/29/2021,687
688,Donovan,Barribal,38,dbarribalj3@blogs.com,Sales Representative,769,error: undefined method `id' for nil:NilClass,10/26/2010,688
689,Fransisco,Provost,47,fprovostj4@dmoz.org,Nuclear Power Engineer,480,error: undefined method `id' for nil:NilClass,3/14/2018,689
690,Noelyn,Cartan,20,ncartanj5@multiply.com,Help Desk Operator,667,error: undefined method `id' for nil:NilClass,8/25/2017,690
691,Gardener,Rosenstengel,33,grosenstengelj6@google.co.uk,Administrative Officer,292,error: undefined method `id' for nil:NilClass,11/14/2019,691
692,Janaya,Tiffany,27,jtiffanyj7@google.it,Geologist II,567,error: undefined method `id' for nil:NilClass,2/7/2019,692
693,Minnnie,Sellor,37,msellorj8@whitehouse.gov,Web Designer III,882,error: undefined method `id' for nil:NilClass,3/25/2011,693
694,Barron,Althrope,26,balthropej9@google.ca,Geologist I,445,error: undefined method `id' for nil:NilClass,12/22/2015,694
695,Randie,Mozzini,51,rmozzinija@com.com,Help Desk Technician,49,error: undefined method `id' for nil:NilClass,5/14/2013,695
696,Winny,Victory,25,wvictoryjb@wunderground.com,Database Administrator II,376,error: undefined method `id' for nil:NilClass,9/2/2021,696
697,Elsy,Grayer,51,egrayerjc@pagesperso-orange.fr,Cost Accountant,658,error: undefined method `id' for nil:NilClass,2/28/2014,697
698,Silvanus,Willavoys,45,swillavoysjd@weather.com,Assistant Professor,876,error: undefined method `id' for nil:NilClass,11/2/2020,698
699,Timothy,Chippindall,32,tchippindallje@ihg.com,Occupational Therapist,535,error: undefined method `id' for nil:NilClass,12/24/2017,699
700,Broddie,Mapplethorpe,55,bmapplethorpejf@nyu.edu,Marketing Assistant,107,error: undefined method `id' for nil:NilClass,9/1/2016,700
701,Gideon,Levison,31,glevisonjg@feedburner.com,Clinical Specialist,419,error: undefined method `id' for nil:NilClass,6/12/2014,701
702,Misti,Antrobus,23,mantrobusjh@howstuffworks.com,Statistician III,976,error: undefined method `id' for nil:NilClass,5/23/2019,702
703,Dionisio,Veysey,57,dveyseyji@reference.com,Design Engineer,253,error: undefined method `id' for nil:NilClass,6/15/2017,703
704,Kai,Ferschke,37,kferschkejj@howstuffworks.com,Librarian,408,error: undefined method `id' for nil:NilClass,9/6/2019,704
705,Yvor,Garriock,65,ygarriockjk@skyrock.com,Web Developer I,237,error: undefined method `id' for nil:NilClass,6/15/2018,705
706,Luelle,Elvy,18,lelvyjl@berkeley.edu,Clinical Specialist,133,error: undefined method `id' for nil:NilClass,3/3/2020,706
707,Em,Hall,37,ehalljm@unblog.fr,Junior Executive,986,error: undefined method `id' for nil:NilClass,9/15/2015,707
708,Rhonda,Maroney,33,rmaroneyjn@hexun.com,Research Nurse,741,error: undefined method `id' for nil:NilClass,10/18/2016,708
709,Bartel,McCrann,41,bmccrannjo@chron.com,Physical Therapy Assistant,642,error: undefined method `id' for nil:NilClass,1/22/2011,709
710,Renell,Oller,20,rollerjp@edublogs.org,Software Consultant,532,error: undefined method `id' for nil:NilClass,3/7/2010,710
711,Lyell,Forcer,41,lforcerjq@creativecommons.org,Systems Administrator IV,926,error: undefined method `id' for nil:NilClass,11/26/2021,711
712,Carce,Twinterman,52,ctwintermanjr@techcrunch.com,Structural Analysis Engineer,84,error: undefined method `id' for nil:NilClass,3/27/2014,712
713,Hildagard,Tizzard,49,htizzardjs@ed.gov,Web Developer I,844,error: undefined method `id' for nil:NilClass,8/4/2010,713
714,Nye,Dawton,19,ndawtonjt@discuz.net,VP Sales,756,error: undefined method `id' for nil:NilClass,5/31/2021,714
715,Adolpho,Gratland,65,agratlandju@arizona.edu,Design Engineer,915,error: undefined method `id' for nil:NilClass,12/27/2010,715
716,Casper,Brombell,55,cbrombelljv@wikia.com,Senior Quality Engineer,61,error: undefined method `id' for nil:NilClass,4/10/2020,716
717,Anders,Ashfold,20,aashfoldjw@hexun.com,Librarian,232,error: undefined method `id' for nil:NilClass,10/8/2011,717
718,Gretchen,Laurenz,39,glaurenzjx@yelp.com,Structural Analysis Engineer,348,error: undefined method `id' for nil:NilClass,9/9/2010,718
719,Blakeley,Havercroft,58,bhavercroftjy@unblog.fr,Structural Engineer,169,error: undefined method `id' for nil:NilClass,5/28/2015,719
720,Alessandro,Orrett,52,aorrettjz@theglobeandmail.com,Sales Representative,619,error: undefined method `id' for nil:NilClass,11/8/2013,720
721,Ezequiel,Elles,36,eellesk0@mediafire.com,Assistant Manager,87,error: undefined method `id' for nil:NilClass,6/10/2014,721
722,Alaric,Dickman,65,adickmank1@businessweek.com,Teacher,682,error: undefined method `id' for nil:NilClass,8/24/2014,722
723,Frazer,Sands-Allan,26,fsandsallank2@archive.org,Financial Advisor,124,error: undefined method `id' for nil:NilClass,10/29/2019,723
724,Neron,Pavey,28,npaveyk3@deliciousdays.com,Analyst Programmer,249,error: undefined method `id' for nil:NilClass,8/1/2011,724
725,Portia,Hay,37,phayk4@usnews.com,Nuclear Power Engineer,308,error: undefined method `id' for nil:NilClass,3/4/2011,725
726,Godwin,Roselli,31,grosellik5@google.de,Programmer IV,70,error: undefined method `id' for nil:NilClass,5/5/2010,726
727,Iona,Pull,41,ipullk6@wikia.com,Internal Auditor,164,error: undefined method `id' for nil:NilClass,11/7/2010,727
728,Lyell,Haddinton,19,lhaddintonk7@irs.gov,Internal Auditor,116,error: undefined method `id' for nil:NilClass,3/6/2021,728
729,Sophie,Alltimes,31,salltimesk8@princeton.edu,Human Resources Assistant III,956,error: undefined method `id' for nil:NilClass,1/6/2015,729
730,Orson,Sibbons,40,osibbonsk9@networkadvertising.org,Compensation Analyst,570,error: undefined method `id' for nil:NilClass,8/25/2018,730
731,Ciro,Dunkley,34,cdunkleyka@baidu.com,Financial Analyst,938,error: undefined method `id' for nil:NilClass,3/24/2016,731
732,Ulla,Bakesef,37,ubakesefkb@hc360.com,Research Nurse,81,error: undefined method `id' for nil:NilClass,12/8/2010,732
733,Mabelle,Beuscher,29,mbeuscherkc@biglobe.ne.jp,Legal Assistant,320,error: undefined method `id' for nil:NilClass,9/13/2019,733
734,Jonis,Hefferan,18,jhefferankd@vkontakte.ru,Tax Accountant,667,error: undefined method `id' for nil:NilClass,12/24/2017,734
735,Duffie,Whitchurch,29,dwhitchurchke@purevolume.com,Account Coordinator,901,error: undefined method `id' for nil:NilClass,10/14/2014,735
736,Maia,Enbury,56,menburykf@odnoklassniki.ru,Software Consultant,94,error: undefined method `id' for nil:NilClass,8/16/2020,736
737,Farra,Priestland,20,fpriestlandkg@accuweather.com,Project Manager,296,error: undefined method `id' for nil:NilClass,11/23/2012,737
738,Michaella,Dwane,64,mdwanekh@cyberchimps.com,Account Representative II,824,error: undefined method `id' for nil:NilClass,2/3/2012,738
739,Timofei,Della Scala,52,tdellascalaki@buzzfeed.com,Safety Technician II,826,error: undefined method `id' for nil:NilClass,7/6/2020,739
740,Blanche,Dmiterko,51,bdmiterkokj@freewebs.com,Senior Cost Accountant,459,error: undefined method `id' for nil:NilClass,11/21/2010,740
741,Fran,Musico,32,fmusicokk@barnesandnoble.com,Senior Developer,442,error: undefined method `id' for nil:NilClass,7/5/2015,741
742,Halsey,Rickford,26,hrickfordkl@kickstarter.com,VP Accounting,802,error: undefined method `id' for nil:NilClass,9/7/2010,742
743,Elizabeth,Jirsa,37,ejirsakm@prweb.com,Accountant IV,877,error: undefined method `id' for nil:NilClass,5/1/2012,743
744,Kristofor,Burkitt,39,kburkittkn@booking.com,Geological Engineer,615,error: undefined method `id' for nil:NilClass,10/2/2018,744
745,Arlee,Baselli,49,abaselliko@comcast.net,Database Administrator IV,486,error: undefined method `id' for nil:NilClass,7/4/2011,745
746,Sapphira,Lapish,60,slapishkp@icq.com,Executive Secretary,977,error: undefined method `id' for nil:NilClass,2/10/2021,746
747,Bonny,Worster,61,bworsterkq@networksolutions.com,Chief Design Engineer,899,error: undefined method `id' for nil:NilClass,1/11/2021,747
748,Carney,Airs,64,cairskr@google.nl,Nurse,779,error: undefined method `id' for nil:NilClass,1/22/2020,748
749,Jeth,Malmar,41,jmalmarks@amazon.co.uk,Food Chemist,488,error: undefined method `id' for nil:NilClass,5/13/2018,749
750,Fremont,Tewkesberry,20,ftewkesberrykt@moonfruit.com,Nurse Practicioner,223,error: undefined method `id' for nil:NilClass,7/18/2012,750
751,Jamie,Gotch,25,jgotchku@angelfire.com,Research Associate,255,error: undefined method `id' for nil:NilClass,1/28/2013,751
752,Ozzie,Dobrovsky,32,odobrovskykv@si.edu,Analog Circuit Design manager,394,error: undefined method `id' for nil:NilClass,7/13/2011,752
753,Norah,McAlinden,22,nmcalindenkw@google.com,VP Sales,730,error: undefined method `id' for nil:NilClass,10/1/2013,753
754,Hillery,Archibould,34,harchibouldkx@mlb.com,Statistician I,705,error: undefined method `id' for nil:NilClass,7/16/2010,754
755,Paddy,Moorfield,48,pmoorfieldky@paypal.com,Senior Quality Engineer,927,error: undefined method `id' for nil:NilClass,12/26/2012,755
756,Ogdon,Libby,32,olibbykz@vistaprint.com,Statistician IV,273,error: undefined method `id' for nil:NilClass,6/20/2021,756
757,Franklyn,Akers,64,fakersl0@livejournal.com,Administrative Officer,369,error: undefined method `id' for nil:NilClass,7/3/2021,757
758,Ragnar,Tully,29,rtullyl1@cisco.com,VP Quality Control,428,error: undefined method `id' for nil:NilClass,1/2/2013,758
759,Bekki,Dobbson,30,bdobbsonl2@google.it,Actuary,639,error: undefined method `id' for nil:NilClass,10/8/2012,759
760,Ruddy,Gun,26,rgunl3@rakuten.co.jp,Structural Analysis Engineer,230,error: undefined method `id' for nil:NilClass,5/14/2011,760
761,Max,Mealand,45,mmealandl4@bluehost.com,Senior Cost Accountant,798,error: undefined method `id' for nil:NilClass,5/15/2020,761
762,Lolly,Hutson,60,lhutsonl5@toplist.cz,Physical Therapy Assistant,614,error: undefined method `id' for nil:NilClass,8/29/2013,762
763,Hedvig,Salmond,53,hsalmondl6@cnet.com,VP Sales,676,error: undefined method `id' for nil:NilClass,7/15/2012,763
764,Theo,Venditti,43,tvendittil7@imgur.com,Occupational Therapist,310,error: undefined method `id' for nil:NilClass,4/30/2012,764
765,Lockwood,Mullen,39,lmullenl8@yandex.ru,Speech Pathologist,668,error: undefined method `id' for nil:NilClass,11/26/2010,765
766,Kipper,Kleinmann,46,kkleinmannl9@home.pl,Editor,215,error: undefined method `id' for nil:NilClass,2/27/2019,766
767,Kellia,Corssen,46,kcorssenla@people.com.cn,Sales Associate,802,error: undefined method `id' for nil:NilClass,6/26/2018,767
768,Elenore,Mayhead,38,emayheadlb@myspace.com,Senior Sales Associate,983,error: undefined method `id' for nil:NilClass,8/23/2012,768
769,Kassandra,Diplock,48,kdiplocklc@sohu.com,Speech Pathologist,957,error: undefined method `id' for nil:NilClass,7/6/2016,769
770,Georgianne,Gensavage,20,ggensavageld@multiply.com,Legal Assistant,457,error: undefined method `id' for nil:NilClass,12/21/2020,770
771,Bernardine,Shemming,18,bshemmingle@biglobe.ne.jp,Recruiting Manager,553,error: undefined method `id' for nil:NilClass,5/21/2020,771
772,Cyrus,Munslow,34,cmunslowlf@theatlantic.com,Research Nurse,918,error: undefined method `id' for nil:NilClass,9/24/2012,772
773,Valentia,Human,49,vhumanlg@hibu.com,Account Representative II,222,error: undefined method `id' for nil:NilClass,12/17/2021,773
774,Gladys,Bridal,47,gbridallh@bloglines.com,Professor,649,error: undefined method `id' for nil:NilClass,8/16/2021,774
775,Pieter,Bulfoy,65,pbulfoyli@odnoklassniki.ru,Legal Assistant,907,error: undefined method `id' for nil:NilClass,4/19/2015,775
776,Morly,Linning,55,mlinninglj@instagram.com,Teacher,349,error: undefined method `id' for nil:NilClass,12/19/2015,776
777,Svend,Hubeaux,63,shubeauxlk@soundcloud.com,Sales Representative,24,error: undefined method `id' for nil:NilClass,10/7/2010,777
778,Theo,Overstreet,64,toverstreetll@technorati.com,Operator,271,error: undefined method `id' for nil:NilClass,8/7/2012,778
779,Osbert,Woollacott,65,owoollacottlm@booking.com,Project Manager,520,error: undefined method `id' for nil:NilClass,10/22/2018,779
780,Cindie,Bawden,53,cbawdenln@elpais.com,Analyst Programmer,711,error: undefined method `id' for nil:NilClass,8/25/2020,780
781,Dallas,Jikylls,42,djikyllslo@paypal.com,Help Desk Operator,671,error: undefined method `id' for nil:NilClass,5/27/2020,781
782,Angelico,Danat,20,adanatlp@technorati.com,Quality Control Specialist,33,error: undefined method `id' for nil:NilClass,6/16/2020,782
783,Rey,Duthy,37,rduthylq@github.io,Registered Nurse,588,error: undefined method `id' for nil:NilClass,11/3/2017,783
784,Corella,Bernardin,31,cbernardinlr@scientificamerican.com,Graphic Designer,455,error: undefined method `id' for nil:NilClass,10/12/2013,784
785,Zola,Hexum,46,zhexumls@bravesites.com,Dental Hygienist,921,error: undefined method `id' for nil:NilClass,2/6/2012,785
786,Andy,Tumilson,46,atumilsonlt@blog.com,Chemical Engineer,511,error: undefined method `id' for nil:NilClass,7/5/2016,786
787,Anabel,Ward,65,awardlu@biblegateway.com,Associate Professor,536,error: undefined method `id' for nil:NilClass,9/5/2010,787
788,Chrissie,Scantleberry,59,cscantleberrylv@artisteer.com,Clinical Specialist,702,error: undefined method `id' for nil:NilClass,3/16/2021,788
789,Sadie,Ponder,44,sponderlw@1und1.de,Quality Control Specialist,414,error: undefined method `id' for nil:NilClass,1/3/2013,789
790,Tobias,Neeves,62,tneeveslx@cdc.gov,Civil Engineer,133,error: undefined method `id' for nil:NilClass,9/3/2012,790
791,Norene,Penton,46,npentonly@answers.com,VP Accounting,86,error: undefined method `id' for nil:NilClass,4/21/2018,791
792,Christean,Isard,39,cisardlz@scientificamerican.com,Desktop Support Technician,798,error: undefined method `id' for nil:NilClass,6/10/2015,792
793,Erie,Nassey,20,enasseym0@cloudflare.com,Quality Control Specialist,387,error: undefined method `id' for nil:NilClass,3/26/2020,793
794,Port,Pennings,58,ppenningsm1@wix.com,Desktop Support Technician,994,error: undefined method `id' for nil:NilClass,9/3/2016,794
795,Cherri,Greenman,21,cgreenmanm2@biblegateway.com,Account Coordinator,413,error: undefined method `id' for nil:NilClass,4/6/2021,795
796,Geraldine,Boydon,47,gboydonm3@opera.com,Civil Engineer,268,error: undefined method `id' for nil:NilClass,2/5/2021,796
797,Lyda,Aslam,18,laslamm4@usnews.com,Chief Design Engineer,966,error: undefined method `id' for nil:NilClass,1/29/2017,797
798,Hildagarde,Fennick,59,hfennickm5@latimes.com,Sales Representative,309,error: undefined method `id' for nil:NilClass,8/13/2013,798
799,Marybeth,Blaxland,61,mblaxlandm6@theatlantic.com,Information Systems Manager,653,error: undefined method `id' for nil:NilClass,3/14/2010,799
800,Elias,Standfield,49,estandfieldm7@bing.com,Staff Accountant I,117,error: undefined method `id' for nil:NilClass,6/21/2013,800
801,Dallis,Bartocci,19,dbartoccim8@youtube.com,Web Developer IV,189,error: undefined method `id' for nil:NilClass,10/17/2017,801
802,Emelia,Kimmerling,65,ekimmerlingm9@surveymonkey.com,Developer IV,355,error: undefined method `id' for nil:NilClass,9/11/2014,802
803,Katerine,Abernethy,28,kabernethyma@webeden.co.uk,Graphic Designer,537,error: undefined method `id' for nil:NilClass,10/25/2016,803
804,Byron,Jadczak,52,bjadczakmb@slideshare.net,Actuary,98,error: undefined method `id' for nil:NilClass,10/7/2017,804
805,Yurik,Dendle,53,ydendlemc@blogspot.com,GIS Technical Architect,900,error: undefined method `id' for nil:NilClass,5/21/2011,805
806,Gardiner,Thackwray,55,gthackwraymd@dagondesign.com,Food Chemist,501,error: undefined method `id' for nil:NilClass,5/30/2010,806
807,Averil,Gartan,26,agartanme@wp.com,Physical Therapy Assistant,610,error: undefined method `id' for nil:NilClass,11/3/2013,807
808,Matty,Temprell,54,mtemprellmf@tinyurl.com,Accounting Assistant I,167,error: undefined method `id' for nil:NilClass,5/6/2013,808
809,Efren,Salomon,30,esalomonmg@csmonitor.com,Electrical Engineer,132,error: undefined method `id' for nil:NilClass,1/1/2010,809
810,Lynna,Gheorghie,33,lgheorghiemh@java.com,Paralegal,667,error: undefined method `id' for nil:NilClass,8/14/2010,810
811,Thebault,Petschel,62,tpetschelmi@qq.com,Editor,139,error: undefined method `id' for nil:NilClass,2/4/2016,811
812,Roman,Kleinhaus,53,rkleinhausmj@bbb.org,Chemical Engineer,716,error: undefined method `id' for nil:NilClass,12/21/2018,812
813,Vincenty,Wehner,59,vwehnermk@tuttocitta.it,Librarian,301,error: undefined method `id' for nil:NilClass,8/24/2020,813
814,Caz,Pothbury,64,cpothburyml@prweb.com,Human Resources Assistant III,821,error: undefined method `id' for nil:NilClass,3/15/2020,814
815,Eunice,Cockayme,48,ecockaymemm@answers.com,Web Developer I,756,error: undefined method `id' for nil:NilClass,6/6/2020,815
816,Buddy,MacCaffrey,25,bmaccaffreymn@youku.com,Assistant Manager,950,error: undefined method `id' for nil:NilClass,11/3/2016,816
817,Meryl,Joesbury,50,mjoesburymo@indiatimes.com,Senior Quality Engineer,16,error: undefined method `id' for nil:NilClass,9/6/2013,817
818,Germaine,Minget,53,gmingetmp@imageshack.us,Payment Adjustment Coordinator,818,error: undefined method `id' for nil:NilClass,12/29/2020,818
819,Avery,Kenneford,46,akennefordmq@techcrunch.com,Automation Specialist I,22,error: undefined method `id' for nil:NilClass,7/6/2020,819
820,Ruby,Noad,25,rnoadmr@washingtonpost.com,Account Representative II,382,error: undefined method `id' for nil:NilClass,2/23/2018,820
821,Rebekkah,Kielt,21,rkieltms@sfgate.com,Geological Engineer,735,error: undefined method `id' for nil:NilClass,11/21/2020,821
822,Melisse,Morrieson,21,mmorriesonmt@google.com.au,Nurse Practicioner,617,error: undefined method `id' for nil:NilClass,3/16/2016,822
823,Archie,Schouthede,37,aschouthedemu@cornell.edu,Legal Assistant,394,error: undefined method `id' for nil:NilClass,6/13/2017,823
824,Faustine,Morpeth,43,fmorpethmv@hc360.com,Accounting Assistant II,603,error: undefined method `id' for nil:NilClass,7/12/2017,824
825,Ariana,Stewartson,21,astewartsonmw@cmu.edu,Statistician III,490,error: undefined method `id' for nil:NilClass,11/30/2021,825
826,Ola,Pepperd,59,opepperdmx@bloglines.com,Clinical Specialist,227,error: undefined method `id' for nil:NilClass,11/15/2018,826
827,Merralee,Musson,52,mmussonmy@jigsy.com,Statistician IV,248,error: undefined method `id' for nil:NilClass,4/21/2018,827
828,Algernon,McAllester,21,amcallestermz@storify.com,Electrical Engineer,564,error: undefined method `id' for nil:NilClass,3/11/2019,828
829,Hogan,Goreisr,48,hgoreisrn0@blogger.com,Senior Editor,480,error: undefined method `id' for nil:NilClass,2/27/2016,829
830,Rhys,O'Regan,64,roregann1@360.cn,Quality Engineer,127,error: undefined method `id' for nil:NilClass,10/27/2013,830
831,Reinold,Whittles,38,rwhittlesn2@answers.com,Accountant I,485,error: undefined method `id' for nil:NilClass,12/8/2014,831
832,Stanleigh,Alban,20,salbann3@sitemeter.com,Software Test Engineer III,229,error: undefined method `id' for nil:NilClass,7/22/2015,832
833,Tomaso,Fergie,41,tfergien4@java.com,Chemical Engineer,588,error: undefined method `id' for nil:NilClass,7/14/2019,833
834,Maryrose,Calderwood,48,mcalderwoodn5@telegraph.co.uk,Paralegal,79,error: undefined method `id' for nil:NilClass,12/8/2017,834
835,Parnell,Currer,27,pcurrern6@marketwatch.com,Editor,266,error: undefined method `id' for nil:NilClass,7/7/2014,835
836,Zitella,Caillou,38,zcailloun7@zdnet.com,Staff Accountant II,525,error: undefined method `id' for nil:NilClass,8/12/2011,836
837,Shara,Trubshaw,32,strubshawn8@unblog.fr,Analyst Programmer,589,error: undefined method `id' for nil:NilClass,5/15/2014,837
838,Sabina,Kedward,61,skedwardn9@theatlantic.com,Software Consultant,304,error: undefined method `id' for nil:NilClass,4/1/2014,838
839,Giovanna,Spincks,27,gspincksna@posterous.com,Account Executive,816,error: undefined method `id' for nil:NilClass,10/29/2015,839
840,Minda,De Mattia,40,mdemattianb@liveinternet.ru,Database Administrator I,135,error: undefined method `id' for nil:NilClass,12/28/2017,840
841,Curran,Spalls,37,cspallsnc@twitter.com,Social Worker,376,error: undefined method `id' for nil:NilClass,10/20/2011,841
842,Lynn,Lepper,25,lleppernd@va.gov,VP Sales,739,error: undefined method `id' for nil:NilClass,8/16/2014,842
843,Hasheem,Sammon,65,hsammonne@wikispaces.com,Nuclear Power Engineer,973,error: undefined method `id' for nil:NilClass,11/19/2020,843
844,Carmon,Marcinkowski,19,cmarcinkowskinf@phoca.cz,Assistant Manager,601,error: undefined method `id' for nil:NilClass,1/13/2021,844
845,Janet,Skewes,40,jskewesng@yale.edu,Budget/Accounting Analyst III,451,error: undefined method `id' for nil:NilClass,8/25/2015,845
846,Tobe,Antonetti,62,tantonettinh@ox.ac.uk,Project Manager,825,error: undefined method `id' for nil:NilClass,12/23/2019,846
847,Charleen,Genner,42,cgennerni@discovery.com,Community Outreach Specialist,388,error: undefined method `id' for nil:NilClass,3/17/2021,847
848,Herculie,Brandsen,50,hbrandsennj@kickstarter.com,Speech Pathologist,948,error: undefined method `id' for nil:NilClass,10/2/2014,848
849,Deeyn,Pankettman,43,dpankettmannk@statcounter.com,Developer III,681,error: undefined method `id' for nil:NilClass,2/12/2021,849
850,Jeannie,Hantusch,48,jhantuschnl@psu.edu,Senior Developer,519,error: undefined method `id' for nil:NilClass,11/21/2010,850
851,Jillana,Campion,46,jcampionnm@harvard.edu,Computer Systems Analyst II,482,error: undefined method `id' for nil:NilClass,6/11/2014,851
852,Glori,Smetoun,54,gsmetounnn@squarespace.com,Community Outreach Specialist,347,error: undefined method `id' for nil:NilClass,11/3/2017,852
853,Morlee,MacGeaney,48,mmacgeaneyno@zimbio.com,Safety Technician II,990,error: undefined method `id' for nil:NilClass,3/18/2017,853
854,Gabriel,Karpfen,24,gkarpfennp@youtube.com,Environmental Tech,502,error: undefined method `id' for nil:NilClass,12/22/2015,854
855,Barbee,Bidewell,56,bbidewellnq@nature.com,Automation Specialist III,100,error: undefined method `id' for nil:NilClass,1/17/2010,855
856,Cirstoforo,Wimms,32,cwimmsnr@reference.com,Editor,446,error: undefined method `id' for nil:NilClass,5/17/2012,856
857,Jesus,Martinelli,19,jmartinellins@apple.com,Librarian,783,error: undefined method `id' for nil:NilClass,3/2/2014,857
858,Beatrisa,Maddra,27,bmaddrant@twitter.com,Web Developer IV,603,error: undefined method `id' for nil:NilClass,11/21/2013,858
859,Wandis,Swetenham,57,wswetenhamnu@zimbio.com,Professor,568,error: undefined method `id' for nil:NilClass,12/9/2016,859
860,Nelly,McAloren,30,nmcalorennv@prnewswire.com,Nurse Practicioner,632,error: undefined method `id' for nil:NilClass,5/29/2015,860
861,Luke,Tohill,58,ltohillnw@unc.edu,Human Resources Manager,677,error: undefined method `id' for nil:NilClass,12/9/2010,861
862,Kinnie,Britnell,50,kbritnellnx@indiatimes.com,Staff Accountant IV,825,error: undefined method `id' for nil:NilClass,6/30/2017,862
863,Kendra,Hurst,41,khurstny@myspace.com,Paralegal,848,error: undefined method `id' for nil:NilClass,2/27/2010,863
864,Zilvia,Lobbe,26,zlobbenz@taobao.com,Software Consultant,678,error: undefined method `id' for nil:NilClass,12/30/2012,864
865,Becky,Fear,57,bfearo0@jugem.jp,Engineer II,948,error: undefined method `id' for nil:NilClass,11/10/2021,865
866,Marianna,Kunkler,31,mkunklero1@bandcamp.com,Actuary,284,error: undefined method `id' for nil:NilClass,6/16/2010,866
867,Rudyard,Tyhurst,64,rtyhursto2@google.ru,Senior Quality Engineer,292,error: undefined method `id' for nil:NilClass,1/16/2021,867
868,Foster,Cromwell,43,fcromwello3@yandex.ru,Accountant III,972,error: undefined method `id' for nil:NilClass,12/20/2016,868
869,Bertrand,Rounsefull,55,brounsefullo4@nyu.edu,Registered Nurse,143,error: undefined method `id' for nil:NilClass,9/9/2010,869
870,Winona,Gall,51,wgallo5@homestead.com,VP Sales,824,error: undefined method `id' for nil:NilClass,5/30/2016,870
871,Min,Conley,30,mconleyo6@archive.org,Dental Hygienist,528,error: undefined method `id' for nil:NilClass,6/10/2014,871
872,Gaye,Maine,64,gmaineo7@networksolutions.com,Product Engineer,460,error: undefined method `id' for nil:NilClass,12/4/2019,872
873,Manfred,Counter,49,mcountero8@google.nl,Senior Quality Engineer,983,error: undefined method `id' for nil:NilClass,9/8/2020,873
874,Yank,Milkeham,38,ymilkehamo9@nba.com,Payment Adjustment Coordinator,893,error: undefined method `id' for nil:NilClass,8/5/2015,874
875,Aurie,Lote,39,aloteoa@list-manage.com,Graphic Designer,250,error: undefined method `id' for nil:NilClass,11/25/2015,875
876,Ward,Yackiminie,58,wyackiminieob@twitpic.com,Speech Pathologist,494,error: undefined method `id' for nil:NilClass,11/21/2021,876
877,Helaina,Glowach,25,hglowachoc@about.me,Marketing Manager,88,error: undefined method `id' for nil:NilClass,4/13/2010,877
878,Stern,Towson,42,stowsonod@alexa.com,Financial Advisor,571,error: undefined method `id' for nil:NilClass,6/22/2013,878
879,Sherman,Eve,43,seveoe@acquirethisname.com,Physical Therapy Assistant,560,error: undefined method `id' for nil:NilClass,1/16/2020,879
880,Willamina,Iveans,44,wiveansof@who.int,Human Resources Assistant IV,934,error: undefined method `id' for nil:NilClass,3/9/2021,880
881,Kassandra,Bellie,41,kbellieog@indiatimes.com,Director of Sales,107,error: undefined method `id' for nil:NilClass,2/12/2012,881
882,Erasmus,Challiss,37,echallissoh@google.pl,Cost Accountant,138,error: undefined method `id' for nil:NilClass,5/9/2015,882
883,Eleonore,Zamudio,65,ezamudiooi@weather.com,Executive Secretary,533,error: undefined method `id' for nil:NilClass,1/15/2010,883
884,Rab,Scotts,30,rscottsoj@ed.gov,Junior Executive,200,error: undefined method `id' for nil:NilClass,11/22/2015,884
885,Idette,Chicco,64,ichiccook@census.gov,Senior Developer,620,error: undefined method `id' for nil:NilClass,3/25/2014,885
886,Imojean,Yeo,49,iyeool@canalblog.com,Paralegal,228,error: undefined method `id' for nil:NilClass,1/14/2011,886
887,Worthy,Veschambre,51,wveschambreom@liveinternet.ru,Recruiter,725,error: undefined method `id' for nil:NilClass,5/24/2015,887
888,Scotti,Trever,39,streveron@woothemes.com,Human Resources Assistant IV,650,error: undefined method `id' for nil:NilClass,6/18/2021,888
889,Maddy,Kaasmann,41,mkaasmannoo@taobao.com,Financial Analyst,791,error: undefined method `id' for nil:NilClass,2/13/2018,889
890,Gavra,Mattiazzi,37,gmattiazziop@bloglovin.com,Research Associate,711,error: undefined method `id' for nil:NilClass,7/4/2019,890
891,Cleveland,Seiler,35,cseileroq@printfriendly.com,Nurse Practicioner,151,error: undefined method `id' for nil:NilClass,9/22/2019,891
892,Mayne,Wolters,44,mwoltersor@jalbum.net,Sales Representative,424,error: undefined method `id' for nil:NilClass,3/18/2013,892
893,Wolfgang,Teeney,63,wteeneyos@aol.com,Systems Administrator III,880,error: undefined method `id' for nil:NilClass,7/7/2016,893
894,Manya,Purchall,29,mpurchallot@sohu.com,Editor,894,error: undefined method `id' for nil:NilClass,12/2/2017,894
895,Cesar,Le Frank,63,clefrankou@tamu.edu,Librarian,953,error: undefined method `id' for nil:NilClass,5/29/2011,895
896,Melli,Lindsell,30,mlindsellov@4shared.com,VP Quality Control,436,error: undefined method `id' for nil:NilClass,6/4/2014,896
897,Ximenez,Harmar,21,xharmarow@disqus.com,Accounting Assistant III,967,error: undefined method `id' for nil:NilClass,5/7/2021,897
898,Patrice,Rontree,32,prontreeox@dion.ne.jp,Health Coach I,135,error: undefined method `id' for nil:NilClass,12/4/2020,898
899,Silvanus,Gemmill,46,sgemmilloy@hud.gov,Design Engineer,733,error: undefined method `id' for nil:NilClass,7/7/2010,899
900,Kale,Sally,59,ksallyoz@cornell.edu,Web Designer II,590,error: undefined method `id' for nil:NilClass,5/26/2019,900
901,Roch,Ipsgrave,23,ripsgravep0@bbb.org,VP Marketing,398,error: undefined method `id' for nil:NilClass,9/21/2011,901
902,Briana,Voisey,29,bvoiseyp1@mtv.com,Information Systems Manager,445,error: undefined method `id' for nil:NilClass,8/23/2015,902
903,See,Phinn,22,sphinnp2@nhs.uk,Biostatistician II,964,error: undefined method `id' for nil:NilClass,12/12/2012,903
904,Fanni,Terrans,61,fterransp3@dagondesign.com,Compensation Analyst,778,error: undefined method `id' for nil:NilClass,2/12/2019,904
905,Rey,Rivalant,51,rrivalantp4@pinterest.com,Senior Quality Engineer,198,error: undefined method `id' for nil:NilClass,2/23/2012,905
906,Chlo,Bome,33,cbomep5@stumbleupon.com,Programmer II,159,error: undefined method `id' for nil:NilClass,12/12/2016,906
907,Dame,Crockford,33,dcrockfordp6@virginia.edu,Graphic Designer,533,error: undefined method `id' for nil:NilClass,12/17/2011,907
908,Charmion,Lange,32,clangep7@mail.ru,Developer III,465,error: undefined method `id' for nil:NilClass,7/16/2019,908
909,Billi,Hussell,41,bhussellp8@linkedin.com,Systems Administrator II,568,error: undefined method `id' for nil:NilClass,1/18/2014,909
910,Bruno,Arnecke,32,barneckep9@lulu.com,Dental Hygienist,385,error: undefined method `id' for nil:NilClass,11/24/2010,910
911,Ivan,MacGowan,19,imacgowanpa@desdev.cn,Payment Adjustment Coordinator,923,error: undefined method `id' for nil:NilClass,7/16/2017,911
912,Skipper,Blackaller,35,sblackallerpb@blogger.com,Compensation Analyst,835,error: undefined method `id' for nil:NilClass,2/22/2020,912
913,Sissy,Boakes,46,sboakespc@mail.ru,Senior Sales Associate,687,error: undefined method `id' for nil:NilClass,6/11/2018,913
914,Ag,Van Niekerk,30,avanniekerkpd@cbslocal.com,Chemical Engineer,629,error: undefined method `id' for nil:NilClass,8/1/2015,914
915,Cornall,Crimin,40,ccriminpe@umn.edu,Director of Sales,548,error: undefined method `id' for nil:NilClass,1/3/2010,915
916,Linnell,Klimmek,41,lklimmekpf@springer.com,Account Coordinator,269,error: undefined method `id' for nil:NilClass,12/8/2012,916
917,Shay,Burril,56,sburrilpg@odnoklassniki.ru,Senior Editor,309,error: undefined method `id' for nil:NilClass,10/17/2020,917
918,Melania,Worsnip,37,mworsnipph@xing.com,Speech Pathologist,660,error: undefined method `id' for nil:NilClass,8/1/2011,918
919,Selinda,Rubertis,61,srubertispi@devhub.com,Food Chemist,358,error: undefined method `id' for nil:NilClass,9/3/2020,919
920,Hedwig,Crigin,54,hcriginpj@yelp.com,Software Test Engineer III,588,error: undefined method `id' for nil:NilClass,9/15/2020,920
921,Cori,Riccardo,36,criccardopk@whitehouse.gov,Safety Technician I,745,error: undefined method `id' for nil:NilClass,10/31/2017,921
922,Chelsey,Glaum,62,cglaumpl@nba.com,Analyst Programmer,424,error: undefined method `id' for nil:NilClass,2/7/2010,922
923,Orel,Hoofe,24,ohoofepm@smh.com.au,Recruiter,481,error: undefined method `id' for nil:NilClass,8/20/2021,923
924,Lorianne,Duthie,44,lduthiepn@upenn.edu,Graphic Designer,144,error: undefined method `id' for nil:NilClass,3/31/2010,924
925,Forrest,Ferreo,39,fferreopo@craigslist.org,Programmer Analyst IV,620,error: undefined method `id' for nil:NilClass,8/9/2015,925
926,Silas,Nethercott,19,snethercottpp@about.com,Marketing Manager,601,error: undefined method `id' for nil:NilClass,10/23/2015,926
927,Alley,Quimby,34,aquimbypq@hud.gov,Senior Editor,115,error: undefined method `id' for nil:NilClass,9/29/2021,927
928,Jermaine,Dudding,25,jduddingpr@ycombinator.com,Financial Advisor,270,error: undefined method `id' for nil:NilClass,10/14/2018,928
929,Phillip,Giacovelli,48,pgiacovellips@taobao.com,VP Sales,211,error: undefined method `id' for nil:NilClass,9/11/2018,929
930,Siegfried,Seabridge,23,sseabridgept@constantcontact.com,Environmental Specialist,940,error: undefined method `id' for nil:NilClass,5/29/2015,930
931,Vere,Atkins,24,vatkinspu@google.ru,Research Associate,127,error: undefined method `id' for nil:NilClass,6/20/2011,931
932,Loralyn,Chorley,42,lchorleypv@mlb.com,Junior Executive,910,error: undefined method `id' for nil:NilClass,2/27/2019,932
933,Sanderson,Bodker,52,sbodkerpw@ehow.com,Senior Cost Accountant,57,error: undefined method `id' for nil:NilClass,11/23/2019,933
934,Chevy,Bugler,48,cbuglerpx@newyorker.com,Paralegal,957,error: undefined method `id' for nil:NilClass,10/30/2020,934
935,Gabriellia,Tiltman,62,gtiltmanpy@drupal.org,Senior Quality Engineer,496,error: undefined method `id' for nil:NilClass,3/30/2013,935
936,Phillida,Querrard,44,pquerrardpz@fotki.com,Web Designer IV,582,error: undefined method `id' for nil:NilClass,7/29/2019,936
937,Nealson,Keyho,47,nkeyhoq0@4shared.com,Research Nurse,820,error: undefined method `id' for nil:NilClass,2/27/2012,937
938,Brock,Dessaur,20,bdessaurq1@smugmug.com,Product Engineer,437,error: undefined method `id' for nil:NilClass,8/8/2013,938
939,Theodosia,Kildea,60,tkildeaq2@instagram.com,Teacher,571,error: undefined method `id' for nil:NilClass,5/19/2020,939
940,Celesta,Vassman,58,cvassmanq3@yelp.com,Senior Cost Accountant,326,error: undefined method `id' for nil:NilClass,3/18/2012,940
941,Hilary,Eingerfield,37,heingerfieldq4@g.co,Executive Secretary,989,error: undefined method `id' for nil:NilClass,5/20/2014,941
942,Derick,De Lacey,20,ddelaceyq5@storify.com,Chemical Engineer,663,error: undefined method `id' for nil:NilClass,8/13/2011,942
943,Laughton,Fearenside,25,lfearensideq6@sun.com,Community Outreach Specialist,469,error: undefined method `id' for nil:NilClass,9/24/2020,943
944,Lark,Stryde,19,lstrydeq7@accuweather.com,Research Associate,886,error: undefined method `id' for nil:NilClass,3/19/2020,944
945,Doralin,Dumingo,29,ddumingoq8@tripod.com,Sales Representative,904,error: undefined method `id' for nil:NilClass,3/4/2013,945
946,Martina,Doulden,65,mdouldenq9@clickbank.net,Librarian,400,error: undefined method `id' for nil:NilClass,6/11/2015,946
947,Koren,Arkwright,49,karkwrightqa@bluehost.com,Desktop Support Technician,202,error: undefined method `id' for nil:NilClass,2/24/2010,947
948,Collen,Kinavan,28,ckinavanqb@dailymotion.com,Speech Pathologist,646,error: undefined method `id' for nil:NilClass,2/22/2014,948
949,Melicent,Simka,49,msimkaqc@ovh.net,Product Engineer,344,error: undefined method `id' for nil:NilClass,5/8/2014,949
950,Husein,Cheverton,57,hchevertonqd@bizjournals.com,Teacher,733,error: undefined method `id' for nil:NilClass,12/15/2014,950
951,Theodora,Bamell,41,tbamellqe@cam.ac.uk,Associate Professor,750,error: undefined method `id' for nil:NilClass,1/19/2010,951
952,Charity,Brinsford,20,cbrinsfordqf@xinhuanet.com,GIS Technical Architect,489,error: undefined method `id' for nil:NilClass,8/6/2016,952
953,Vidovik,Rickwood,37,vrickwoodqg@webnode.com,Software Test Engineer III,925,error: undefined method `id' for nil:NilClass,12/22/2015,953
954,Cull,Poytress,28,cpoytressqh@github.io,Electrical Engineer,503,error: undefined method `id' for nil:NilClass,7/5/2017,954
955,Mark,Alexsandrev,64,malexsandrevqi@mozilla.org,Quality Control Specialist,528,error: undefined method `id' for nil:NilClass,9/25/2021,955
956,Adrea,Davall,41,adavallqj@slate.com,Staff Scientist,865,error: undefined method `id' for nil:NilClass,10/12/2014,956
957,Cathlene,Bowmen,44,cbowmenqk@pinterest.com,Structural Analysis Engineer,931,error: undefined method `id' for nil:NilClass,8/20/2018,957
958,Genovera,Forward,45,gforwardql@soundcloud.com,Help Desk Technician,315,error: undefined method `id' for nil:NilClass,1/14/2010,958
959,Kleon,Classen,49,kclassenqm@zdnet.com,Research Associate,479,error: undefined method `id' for nil:NilClass,9/14/2019,959
960,Marlyn,Beckson,47,mbecksonqn@toplist.cz,Human Resources Assistant III,624,error: undefined method `id' for nil:NilClass,12/10/2012,960
961,Silvain,Coultish,50,scoultishqo@slashdot.org,Financial Analyst,98,error: undefined method `id' for nil:NilClass,8/28/2016,961
962,Fayre,Aronov,34,faronovqp@gov.uk,VP Product Management,769,error: undefined method `id' for nil:NilClass,7/7/2013,962
963,Jolynn,Eardley,58,jeardleyqq@answers.com,Assistant Media Planner,418,error: undefined method `id' for nil:NilClass,9/8/2011,963
964,Yolanthe,Durrington,47,ydurringtonqr@cloudflare.com,Research Nurse,267,error: undefined method `id' for nil:NilClass,1/28/2019,964
965,Rupert,Stickland,48,rsticklandqs@mashable.com,General Manager,693,error: undefined method `id' for nil:NilClass,7/30/2012,965
966,Clevey,Gerling,40,cgerlingqt@squidoo.com,Nuclear Power Engineer,450,error: undefined method `id' for nil:NilClass,7/24/2012,966
967,Lou,Senecaux,54,lsenecauxqu@blinklist.com,Structural Analysis Engineer,682,error: undefined method `id' for nil:NilClass,3/25/2021,967
968,Uta,Heal,60,uhealqv@infoseek.co.jp,Office Assistant II,511,error: undefined method `id' for nil:NilClass,5/5/2016,968
969,Timotheus,Ziehms,21,tziehmsqw@miibeian.gov.cn,Community Outreach Specialist,468,error: undefined method `id' for nil:NilClass,10/26/2016,969
970,Lavinie,Wherrit,41,lwherritqx@php.net,Dental Hygienist,548,error: undefined method `id' for nil:NilClass,11/3/2019,970
971,Lavinie,Hoble,39,lhobleqy@nba.com,Senior Developer,853,error: undefined method `id' for nil:NilClass,11/1/2020,971
972,Claribel,Nolda,37,cnoldaqz@disqus.com,Programmer Analyst II,508,error: undefined method `id' for nil:NilClass,10/18/2020,972
973,Silvana,Youens,27,syouensr0@bigcartel.com,Electrical Engineer,793,error: undefined method `id' for nil:NilClass,5/27/2021,973
974,Karyl,Lumpkin,26,klumpkinr1@trellian.com,Compensation Analyst,606,error: undefined method `id' for nil:NilClass,4/14/2011,974
975,Addison,Hammett,39,ahammettr2@springer.com,Statistician I,63,error: undefined method `id' for nil:NilClass,9/14/2015,975
976,Tierney,Kline,48,tkliner3@sbwire.com,Database Administrator I,415,error: undefined method `id' for nil:NilClass,7/11/2011,976
977,Oliver,Norsworthy,45,onorsworthyr4@cbslocal.com,Community Outreach Specialist,462,error: undefined method `id' for nil:NilClass,8/9/2013,977
978,Terrell,Dell,30,tdellr5@theatlantic.com,VP Sales,371,error: undefined method `id' for nil:NilClass,5/27/2020,978
979,Phil,Winteringham,23,pwinteringhamr6@google.co.uk,Community Outreach Specialist,553,error: undefined method `id' for nil:NilClass,12/25/2010,979
980,Martyn,Laxen,42,mlaxenr7@qq.com,Registered Nurse,104,error: undefined method `id' for nil:NilClass,12/14/2016,980
981,Maurizia,Whyke,65,mwhyker8@umn.edu,Nurse,237,error: undefined method `id' for nil:NilClass,8/29/2012,981
982,Jacinda,Clixby,51,jclixbyr9@newyorker.com,Biostatistician III,495,error: undefined method `id' for nil:NilClass,7/24/2019,982
983,Hyacinthia,Keunemann,31,hkeunemannra@amazon.de,Senior Developer,800,error: undefined method `id' for nil:NilClass,10/30/2016,983
984,Erda,Ronchi,59,eronchirb@geocities.com,Chemical Engineer,426,error: undefined method `id' for nil:NilClass,6/24/2011,984
985,Ynez,Lantaph,44,ylantaphrc@usatoday.com,Tax Accountant,872,error: undefined method `id' for nil:NilClass,6/21/2012,985
986,Dre,Yitzhakof,21,dyitzhakofrd@quantcast.com,Payment Adjustment Coordinator,176,error: undefined method `id' for nil:NilClass,11/5/2018,986
987,Riki,Waind,60,rwaindre@mapquest.com,Research Nurse,813,error: undefined method `id' for nil:NilClass,9/18/2016,987
988,Belita,Pennrington,39,bpennringtonrf@google.ru,Editor,504,error: undefined method `id' for nil:NilClass,1/27/2011,988
989,Cesare,Tassel,54,ctasselrg@4shared.com,Senior Editor,32,error: undefined method `id' for nil:NilClass,9/8/2010,989
990,Myriam,Chaundy,59,mchaundyrh@plala.or.jp,Editor,914,error: undefined method `id' for nil:NilClass,7/10/2015,990
991,Faustine,Pickerill,58,fpickerillri@cargocollective.com,Programmer IV,427,error: undefined method `id' for nil:NilClass,8/18/2020,991
992,Madalena,Beckford,31,mbeckfordrj@4shared.com,Compensation Analyst,865,error: undefined method `id' for nil:NilClass,10/13/2014,992
993,Mariellen,Barnardo,36,mbarnardork@mozilla.org,Accounting Assistant I,808,error: undefined method `id' for nil:NilClass,7/15/2013,993
994,Glenn,Idell,57,gidellrl@thetimes.co.uk,Sales Associate,456,error: undefined method `id' for nil:NilClass,11/12/2020,994
995,Marys,Ducastel,60,mducastelrm@skype.com,Compensation Analyst,772,error: undefined method `id' for nil:NilClass,7/24/2010,995
996,Sig,Hentzer,57,shentzerrn@netvibes.com,Assistant Professor,410,error: undefined method `id' for nil:NilClass,1/22/2010,996
997,Janenna,Collison,50,jcollisonro@harvard.edu,Accounting Assistant I,571,error: undefined method `id' for nil:NilClass,12/15/2012,997
998,Alfreda,Phizackarley,35,aphizackarleyrp@howstuffworks.com,Operator,848,error: undefined method `id' for nil:NilClass,10/9/2013,998
999,Damon,Marchington,49,dmarchingtonrq@eepurl.com,Programmer Analyst I,946,error: undefined method `id' for nil:NilClass,9/3/2015,999
1000,Maxi,Basini-Gazzi,33,mbasinigazzirr@hud.gov,Financial Advisor,406,error: undefined method `id' for nil:NilClass,11/16/2010,1000
